50.71677966,6.445616148, 2012/12/03 9:08:42
50.71677958,6.445615981, 2012/12/03 9:08:43
50.71677916,6.44561707, 2012/12/03 9:08:44
50.7167582,6.445621429, 2012/12/03 9:08:58
50.71676751,6.445646156, 2012/12/03 9:09:08
50.71675343,6.445663925, 2012/12/03 9:09:18
50.71675695,6.445622351, 2012/12/03 9:09:24
50.7167484,6.445599217, 2012/12/03 9:09:29
50.71674303,6.445606174, 2012/12/03 9:09:38
50.71674521,6.445606761, 2012/12/03 9:09:39
50.7167442,6.445661243, 2012/12/03 9:10:32
50.71673934,6.445662165, 2012/12/03 9:10:33
50.71673708,6.445629308, 2012/12/03 9:10:40
50.7167437,6.44560433, 2012/12/03 9:10:48
50.7167401,6.445592511, 2012/12/03 9:11:02
50.71674747,6.445606425, 2012/12/03 9:11:09
50.71674831,6.445591506, 2012/12/03 9:11:17
50.7167499,6.445602737, 2012/12/03 9:11:22
50.7167458,6.445600977, 2012/12/03 9:11:39
50.71676499,6.445607515, 2012/12/03 9:11:40
50.71677363,6.445581196, 2012/12/03 9:11:44
50.71675527,6.445585135, 2012/12/03 9:11:50
50.71674932,6.445584884, 2012/12/03 9:12:00
50.71674773,6.445569713, 2012/12/03 9:12:15
50.71673624,6.44558413, 2012/12/03 9:12:36
50.7167292,6.445587398, 2012/12/03 9:12:49
50.71675887,6.445590165, 2012/12/03 9:13:01
50.71679324,6.445563259, 2012/12/03 9:13:08
50.71678033,6.445632745, 2012/12/03 9:13:15
50.71677865,6.44562562, 2012/12/03 9:13:23
50.71675988,6.445647581, 2012/12/03 9:13:25
50.71669224,6.445717821, 2012/12/03 9:13:31
50.71661051,6.445775153, 2012/12/03 9:13:42
50.7165997,6.445764508, 2012/12/03 9:13:52
50.71660934,6.445747744, 2012/12/03 9:14:05
50.71661697,6.445721257, 2012/12/03 9:14:15
50.71662736,6.44574414, 2012/12/03 9:14:29
50.71663222,6.44583106, 2012/12/03 9:14:37
50.71661839,6.445866432, 2012/12/03 9:14:45
50.71662677,6.44586727, 2012/12/03 9:14:51
50.71667749,6.445917059, 2012/12/03 9:14:58
50.71666483,6.445948994, 2012/12/03 9:15:07
50.71661755,6.446010601, 2012/12/03 9:15:15
50.71662124,6.446014205, 2012/12/03 9:15:17
50.71663943,6.446019989, 2012/12/03 9:15:19
50.71667648,6.446058964, 2012/12/03 9:15:26
50.71665594,6.446013199, 2012/12/03 9:15:41
50.71663273,6.445995597, 2012/12/03 9:15:48
50.71664228,6.445970703, 2012/12/03 9:15:56
50.71664153,6.445958801, 2012/12/03 9:15:57
50.71662694,6.445914628, 2012/12/03 9:16:00
50.71651714,6.445881352, 2012/12/03 9:16:10
50.71645922,6.445896858, 2012/12/03 9:16:20
50.71644078,6.445907922, 2012/12/03 9:16:21
50.71642376,6.445937008, 2012/12/03 9:16:23
50.71645201,6.445998866, 2012/12/03 9:16:31
50.71646241,6.446030382, 2012/12/03 9:16:37
50.71646333,6.446028119, 2012/12/03 9:16:46
50.71650918,6.446053013, 2012/12/03 9:16:55
50.7165189,6.446003644, 2012/12/03 9:17:01
50.71649769,6.445998698, 2012/12/03 9:17:11
50.71648965,6.44601739, 2012/12/03 9:17:19
50.71651295,6.44602661, 2012/12/03 9:17:27
50.71652569,6.446055276, 2012/12/03 9:17:37
50.71653625,6.446044631, 2012/12/03 9:17:47
50.71651999,6.446036585, 2012/12/03 9:17:57
50.71650557,6.44601563, 2012/12/03 9:18:10
50.71648504,6.446042787, 2012/12/03 9:18:19
50.71648671,6.446053851, 2012/12/03 9:18:25
50.71649074,6.446030717, 2012/12/03 9:18:32
50.71652192,6.446075309, 2012/12/03 9:18:38
50.71651538,6.446097102, 2012/12/03 9:18:46
50.71651471,6.446083272, 2012/12/03 9:19:00
50.71650188,6.44609157, 2012/12/03 9:19:11
50.71648646,6.446078913, 2012/12/03 9:19:26
50.71648965,6.446061647, 2012/12/03 9:19:29
50.71645796,6.445988137, 2012/12/03 9:19:37
50.71645503,6.445985204, 2012/12/03 9:19:38
50.71643542,6.445967183, 2012/12/03 9:19:47
50.71640683,6.445996268, 2012/12/03 9:19:52
50.71636358,6.446026275, 2012/12/03 9:19:58
50.71631731,6.446024263, 2012/12/03 9:20:03
50.71624515,6.445980845, 2012/12/03 9:20:13
50.71622972,6.445976822, 2012/12/03 9:20:24
50.71621707,6.445956035, 2012/12/03 9:20:36
50.71627725,6.446003309, 2012/12/03 9:20:42
50.71623039,6.445995094, 2012/12/03 9:20:46
50.7162107,6.445976403, 2012/12/03 9:20:48
50.71619209,6.445915299, 2012/12/03 9:20:57
50.71622679,6.445930889, 2012/12/03 9:21:15
50.7162293,6.445921501, 2012/12/03 9:21:26
50.71621019,6.445942288, 2012/12/03 9:21:32
50.71619687,6.445964836, 2012/12/03 9:21:36
50.71621673,6.446026359, 2012/12/03 9:21:39
50.71626828,6.446158458, 2012/12/03 9:21:49
50.71626677,6.446187291, 2012/12/03 9:21:54
50.71623006,6.446234565, 2012/12/03 9:22:03
50.7162454,6.446222747, 2012/12/03 9:22:18
50.71626518,6.446174467, 2012/12/03 9:22:25
50.71627239,6.446162481, 2012/12/03 9:22:31
50.71627432,6.446143705, 2012/12/03 9:22:37
50.71622143,6.44619274, 2012/12/03 9:22:43
50.71615781,6.446262058, 2012/12/03 9:22:50
50.716091,6.446336573, 2012/12/03 9:22:58
50.71605991,6.446360545, 2012/12/03 9:23:02
50.71606066,6.446426008, 2012/12/03 9:23:08
50.71609385,6.446446292, 2012/12/03 9:23:15
50.71610542,6.446487866, 2012/12/03 9:23:23
50.71608874,6.446510078, 2012/12/03 9:23:36
50.71606611,6.446519215, 2012/12/03 9:23:51
50.71604784,6.446500607, 2012/12/03 9:23:59
50.71604306,6.446519801, 2012/12/03 9:24:12
50.71607064,6.446506893, 2012/12/03 9:24:24
50.71607156,6.446447801, 2012/12/03 9:24:37
50.71606309,6.446438162, 2012/12/03 9:24:38
50.71605437,6.446435731, 2012/12/03 9:24:39
50.715975,6.44642517, 2012/12/03 9:24:47
50.71597248,6.446423158, 2012/12/03 9:24:49
50.71596913,6.446427852, 2012/12/03 9:24:56
50.71591255,6.446488369, 2012/12/03 9:25:02
50.71581281,6.446568416, 2012/12/03 9:25:10
50.71577107,6.446598759, 2012/12/03 9:25:14
50.71571985,6.446611416, 2012/12/03 9:25:21
50.71569923,6.446651816, 2012/12/03 9:25:31
50.71566587,6.446666149, 2012/12/03 9:25:40
50.71566747,6.446675705, 2012/12/03 9:25:41
50.71567954,6.446702695, 2012/12/03 9:25:48
50.71561382,6.446785759, 2012/12/03 9:25:55
50.71551098,6.446870752, 2012/12/03 9:26:04
50.71543344,6.446910314, 2012/12/03 9:26:12
50.71541576,6.446876619, 2012/12/03 9:26:19
50.71541333,6.446875781, 2012/12/03 9:26:20
50.71541106,6.44685097, 2012/12/03 9:26:32
50.71538818,6.446897322, 2012/12/03 9:26:39
50.71538558,6.446918277, 2012/12/03 9:26:53
50.7153891,6.446911991, 2012/12/03 9:26:55
50.71539874,6.446894053, 2012/12/03 9:27:01
50.7153995,6.446890701, 2012/12/03 9:27:02
50.71540838,6.446889443, 2012/12/03 9:27:06
50.71539497,6.446927413, 2012/12/03 9:27:21
50.71540947,6.446935711, 2012/12/03 9:27:34
50.71527729,6.447065631, 2012/12/03 9:27:45
50.71515064,6.447162023, 2012/12/03 9:27:55
50.71508224,6.447234945, 2012/12/03 9:28:02
50.7150229,6.447276017, 2012/12/03 9:28:09
50.7149084,6.447382718, 2012/12/03 9:28:18
50.71487571,6.447357489, 2012/12/03 9:28:25
50.71485115,6.447367547, 2012/12/03 9:28:29
50.71485358,6.447370313, 2012/12/03 9:28:30
50.71484855,6.447378611, 2012/12/03 9:28:44
50.71487035,6.447427729, 2012/12/03 9:28:50
50.71474839,6.447534012, 2012/12/03 9:29:00
50.71463565,6.447622022, 2012/12/03 9:29:10
50.71460187,6.447649263, 2012/12/03 9:29:18
50.71457279,6.447663261, 2012/12/03 9:29:27
50.71457547,6.447666027, 2012/12/03 9:29:34
50.71456868,6.447676336, 2012/12/03 9:29:40
50.71451814,6.447757389, 2012/12/03 9:29:48
50.71450766,6.447768034, 2012/12/03 9:29:59
50.71450741,6.447770968, 2012/12/03 9:30:10
50.7145168,6.44772755, 2012/12/03 9:30:20
50.71450599,6.447743308, 2012/12/03 9:30:25
50.71448637,6.447774069, 2012/12/03 9:30:31
50.71449626,6.447808938, 2012/12/03 9:30:38
50.71448771,6.447862247, 2012/12/03 9:30:42
50.71452275,6.447973726, 2012/12/03 9:30:51
50.71456307,6.448034579, 2012/12/03 9:30:56
50.71450381,6.447935672, 2012/12/03 9:31:04
50.71449584,6.447909521, 2012/12/03 9:31:11
50.71443834,6.447839616, 2012/12/03 9:31:18
50.71442954,6.447829641, 2012/12/03 9:31:19
50.71442912,6.447816901, 2012/12/03 9:31:24
50.71437581,6.447770298, 2012/12/03 9:31:31
50.71432577,6.447723946, 2012/12/03 9:31:37
50.71425964,6.447625877, 2012/12/03 9:31:46
50.71425377,6.447592685, 2012/12/03 9:31:49
50.71426626,6.447553039, 2012/12/03 9:31:56
50.71426551,6.447554044, 2012/12/03 9:32:07
50.71426509,6.44755614, 2012/12/03 9:32:08
50.71423424,6.447488498, 2012/12/03 9:32:14
50.71423039,6.447494114, 2012/12/03 9:32:21
50.71422997,6.447504424, 2012/12/03 9:32:35
50.71423818,6.447500233, 2012/12/03 9:32:45
50.71424028,6.447501155, 2012/12/03 9:32:58
50.71421145,6.447513476, 2012/12/03 9:33:14
50.71422553,6.447440386, 2012/12/03 9:33:19
50.71425671,6.447411636, 2012/12/03 9:33:27
50.71425914,6.447449354, 2012/12/03 9:33:39
50.71425252,6.447463268, 2012/12/03 9:33:48
50.71424992,6.447454216, 2012/12/03 9:33:59
50.71424791,6.447446253, 2012/12/03 9:34:00
50.71420684,6.447411468, 2012/12/03 9:34:07
50.71419124,6.447508615, 2012/12/03 9:34:14
50.71417876,6.44755438, 2012/12/03 9:34:21
50.71416786,6.447547926, 2012/12/03 9:34:35
50.71417205,6.447557313, 2012/12/03 9:34:43
50.71418689,6.447513141, 2012/12/03 9:34:58
50.71418932,6.44754977, 2012/12/03 9:35:12
50.7141987,6.44749118, 2012/12/03 9:35:26
50.71419971,6.447461508, 2012/12/03 9:35:29
50.71414716,6.44737727, 2012/12/03 9:35:37
50.71412126,6.447340306, 2012/12/03 9:35:40
50.71405613,6.447235448, 2012/12/03 9:35:48
50.7139822,6.447117515, 2012/12/03 9:35:57
50.71397214,6.447105948, 2012/12/03 9:35:58
50.71396376,6.447064541, 2012/12/03 9:36:04
50.71398966,6.447101757, 2012/12/03 9:36:14
50.71399243,6.447093207, 2012/12/03 9:36:18
50.71397759,6.44707175, 2012/12/03 9:36:20
50.71391364,6.446982315, 2012/12/03 9:36:26
50.71383292,6.446873853, 2012/12/03 9:36:34
50.71374457,6.446773605, 2012/12/03 9:36:43
50.7136885,6.446699258, 2012/12/03 9:36:50
50.7136263,6.446646117, 2012/12/03 9:36:56
50.71354215,6.446561543, 2012/12/03 9:37:05
50.71350561,6.446485687, 2012/12/03 9:37:12
50.71346537,6.44643045, 2012/12/03 9:37:18
50.713459,6.446412262, 2012/12/03 9:37:31
50.7133922,6.446334394, 2012/12/03 9:37:39
50.7133523,6.446296591, 2012/12/03 9:37:43
50.71329815,6.446212018, 2012/12/03 9:37:51
50.71326102,6.446153931, 2012/12/03 9:37:58
50.71324082,6.446122164, 2012/12/03 9:38:01
50.71314007,6.446042117, 2012/12/03 9:38:11
50.71308207,6.445973553, 2012/12/03 9:38:19
50.71299205,6.445894511, 2012/12/03 9:38:27
50.71291242,6.445811698, 2012/12/03 9:38:35
50.71283438,6.445726957, 2012/12/03 9:38:44
50.71274889,6.445596702, 2012/12/03 9:38:53
50.71267957,6.445513219, 2012/12/03 9:39:01
50.71262986,6.445419593, 2012/12/03 9:39:08
50.71258225,6.445378857, 2012/12/03 9:39:13
50.71251788,6.44526612, 2012/12/03 9:39:23
50.71245586,6.445240723, 2012/12/03 9:39:31
50.71244379,6.445215996, 2012/12/03 9:39:38
50.71242141,6.445136787, 2012/12/03 9:39:44
50.71237698,6.445095465, 2012/12/03 9:39:49
50.71230238,6.445005024, 2012/12/03 9:39:58
50.71222108,6.444909386, 2012/12/03 9:40:08
50.7121495,6.444830513, 2012/12/03 9:40:17
50.71211915,6.444778964, 2012/12/03 9:40:26
50.71210625,6.444731187, 2012/12/03 9:40:34
50.71203961,6.444627419, 2012/12/03 9:40:43
50.71195981,6.444534883, 2012/12/03 9:40:53
50.71190014,6.444493057, 2012/12/03 9:40:59
50.71185705,6.444426002, 2012/12/03 9:41:07
50.71186409,6.444397252, 2012/12/03 9:41:18
50.71187273,6.444397252, 2012/12/03 9:41:30
50.71181405,6.444346039, 2012/12/03 9:41:39
50.71172831,6.444293233, 2012/12/03 9:41:46
50.71162462,6.444195416, 2012/12/03 9:41:54
50.71153334,6.444119476, 2012/12/03 9:42:03
50.71151138,6.444085781, 2012/12/03 9:42:08
50.71144064,6.444025431, 2012/12/03 9:42:14
50.71137249,6.443936164, 2012/12/03 9:42:23
50.71133268,6.443890063, 2012/12/03 9:42:27
50.71127702,6.443831054, 2012/12/03 9:42:36
50.71122497,6.443782439, 2012/12/03 9:42:44
50.71113126,6.443702895, 2012/12/03 9:42:53
50.7110808,6.443648664, 2012/12/03 9:42:58
50.71099506,6.443576328, 2012/12/03 9:43:05
50.71095365,6.443554871, 2012/12/03 9:43:13
50.71090428,6.443512375, 2012/12/03 9:43:20
50.71085491,6.443513632, 2012/12/03 9:43:31
50.71082667,6.443449175, 2012/12/03 9:43:38
50.71076112,6.443354124, 2012/12/03 9:43:45
50.71071058,6.443264689, 2012/12/03 9:43:54
50.71070923,6.443200652, 2012/12/03 9:44:01
50.71069943,6.443205513, 2012/12/03 9:44:09
50.71068401,6.443247758, 2012/12/03 9:44:22
50.71064251,6.443174668, 2012/12/03 9:44:29
50.71056188,6.443079282, 2012/12/03 9:44:36
50.7105369,6.443017926, 2012/12/03 9:44:43
50.71049985,6.443023793, 2012/12/03 9:44:51
50.71042132,6.443026979, 2012/12/03 9:44:59
50.7103991,6.443008203, 2012/12/03 9:45:05
50.71031386,6.442969311, 2012/12/03 9:45:14
50.71021722,6.442962186, 2012/12/03 9:45:23
50.71013583,6.443026643, 2012/12/03 9:45:31
50.71004463,6.443117922, 2012/12/03 9:45:40
50.70995939,6.443226803, 2012/12/03 9:45:51
50.70988781,6.443302073, 2012/12/03 9:45:59
50.70980173,6.443408104, 2012/12/03 9:46:08
50.70974297,6.443477841, 2012/12/03 9:46:15
50.70971841,6.443482703, 2012/12/03 9:46:20
50.70972537,6.44342931, 2012/12/03 9:46:27
50.70970877,6.443488151, 2012/12/03 9:46:34
50.70970215,6.443508603, 2012/12/03 9:46:41
50.70969746,6.443539113, 2012/12/03 9:46:43
50.70966912,6.44360248, 2012/12/03 9:46:51
50.70967742,6.443570461, 2012/12/03 9:46:58
50.70965295,6.443580268, 2012/12/03 9:47:00
50.70964339,6.443653861, 2012/12/03 9:47:07
50.709662,6.443664925, 2012/12/03 9:47:17
50.70967122,6.443657046, 2012/12/03 9:47:32
50.70967164,6.443623854, 2012/12/03 9:47:42
50.70966116,6.443597786, 2012/12/03 9:47:54
50.70961665,6.443557218, 2012/12/03 9:48:03
50.70961171,6.443563169, 2012/12/03 9:48:09
50.70959763,6.443588147, 2012/12/03 9:48:14
50.70948347,6.443646988, 2012/12/03 9:48:23
50.70940887,6.443681689, 2012/12/03 9:48:30
50.70940912,6.443689652, 2012/12/03 9:48:35
50.70932874,6.44377498, 2012/12/03 9:48:43
50.70926185,6.443818985, 2012/12/03 9:48:50
50.70928188,6.443827283, 2012/12/03 9:48:58
50.70929077,6.443814039, 2012/12/03 9:49:05
50.70925229,6.443772465, 2012/12/03 9:49:11
50.70923922,6.443777997, 2012/12/03 9:49:13
50.70915012,6.443838263, 2012/12/03 9:49:22
50.70908851,6.443890147, 2012/12/03 9:49:29
50.7090259,6.443958627, 2012/12/03 9:49:37
50.70897158,6.444003051, 2012/12/03 9:49:43
50.70888449,6.443988634, 2012/12/03 9:49:52
50.70888743,6.443977989, 2012/12/03 9:50:00
50.70887536,6.443985952, 2012/12/03 9:50:11
50.70886748,6.444013948, 2012/12/03 9:50:13
50.70874804,6.444101455, 2012/12/03 9:50:23
50.70865667,6.444139425, 2012/12/03 9:50:32
50.7085752,6.44415183, 2012/12/03 9:50:39
50.70850002,6.444164068, 2012/12/03 9:50:46
50.70842584,6.444140263, 2012/12/03 9:50:54
50.70843757,6.444138587, 2012/12/03 9:51:03
50.70840019,6.444162223, 2012/12/03 9:51:10
50.70839189,6.444165325, 2012/12/03 9:51:13
50.70824487,6.444236236, 2012/12/03 9:51:24
50.70819148,6.444249563, 2012/12/03 9:51:28
50.70808972,6.444269931, 2012/12/03 9:51:36
50.70808059,6.444268506, 2012/12/03 9:51:37
50.70803306,6.444253083, 2012/12/03 9:51:43
50.70802401,6.444265489, 2012/12/03 9:51:50
50.70795452,6.444266075, 2012/12/03 9:51:58
50.70797171,6.444265237, 2012/12/03 9:52:11
50.70799392,6.444259034, 2012/12/03 9:52:19
50.70790532,6.444285102, 2012/12/03 9:52:26
50.70784321,6.444296082, 2012/12/03 9:52:31
50.70780222,6.44431184, 2012/12/03 9:52:35
50.70775629,6.444323407, 2012/12/03 9:52:39
50.70765411,6.44432785, 2012/12/03 9:52:48
50.70755789,6.444341009, 2012/12/03 9:52:57
50.70746041,6.44433707, 2012/12/03 9:53:06
50.70738288,6.444330281, 2012/12/03 9:53:13
50.7072926,6.444310835, 2012/12/03 9:53:23
50.70725044,6.444321312, 2012/12/03 9:53:31
50.70718263,6.444334053, 2012/12/03 9:53:36
50.70715833,6.444329023, 2012/12/03 9:53:38
50.70706872,6.444333047, 2012/12/03 9:53:46
50.70705825,6.444332292, 2012/12/03 9:53:47
50.70700494,6.444339585, 2012/12/03 9:53:52
50.70689991,6.444340758, 2012/12/03 9:54:01
50.70680218,6.444348469, 2012/12/03 9:54:10
50.70678097,6.444346039, 2012/12/03 9:54:12
50.70670268,6.444355594, 2012/12/03 9:54:20
50.70662683,6.444377219, 2012/12/03 9:54:28
50.70657075,6.444355594, 2012/12/03 9:54:36
50.70656296,6.444373699, 2012/12/03 9:54:43
50.70647545,6.444406556, 2012/12/03 9:54:51
50.70640261,6.444441089, 2012/12/03 9:54:58
50.70638233,6.4444286, 2012/12/03 9:55:04
50.70638685,6.444409993, 2012/12/03 9:55:20
50.70635266,6.444434216, 2012/12/03 9:55:25
50.70633397,6.444469085, 2012/12/03 9:55:34
50.70632885,6.444477299, 2012/12/03 9:55:35
50.70626414,6.444503702, 2012/12/03 9:55:40
50.70614453,6.44457344, 2012/12/03 9:55:50
50.70605057,6.44464829, 2012/12/03 9:55:59
50.70600472,6.44471392, 2012/12/03 9:56:07
50.70598788,6.44472356, 2012/12/03 9:56:16
50.70590657,6.444794806, 2012/12/03 9:56:24
50.70585611,6.4448772, 2012/12/03 9:56:31
50.7057966,6.444955571, 2012/12/03 9:56:39
50.70572661,6.445073839, 2012/12/03 9:56:48
50.70566232,6.445195377, 2012/12/03 9:56:56
50.70559954,6.445314819, 2012/12/03 9:57:05
50.70553316,6.445433591, 2012/12/03 9:57:14
50.70547943,6.445529982, 2012/12/03 9:57:24
50.70545412,6.445580609, 2012/12/03 9:57:30
50.70541321,6.445626458, 2012/12/03 9:57:37
50.70536627,6.445705919, 2012/12/03 9:57:43
50.70528078,6.445798287, 2012/12/03 9:57:52
50.7052232,6.445840951, 2012/12/03 9:58:01
50.70523208,6.44584531, 2012/12/03 9:58:10
50.70516511,6.445894931, 2012/12/03 9:58:16
50.70510283,6.446024934, 2012/12/03 9:58:26
50.70511398,6.446053851, 2012/12/03 9:58:34
50.70510979,6.446058797, 2012/12/03 9:58:56
50.70510392,6.446038932, 2012/12/03 9:59:12
50.70510711,6.446019234, 2012/12/03 9:59:27
50.70511524,6.445995094, 2012/12/03 9:59:43
50.70507618,6.445977828, 2012/12/03 9:59:52
50.70508037,6.446007332, 2012/12/03 10:00:03
50.70508925,6.446138592, 2012/12/03 10:00:10
50.70511624,6.446294663, 2012/12/03 10:00:18
50.70515128,6.446427014, 2012/12/03 10:00:26
50.70516922,6.44657244, 2012/12/03 10:00:36
50.70518338,6.446675705, 2012/12/03 10:00:44
50.70517525,6.446781149, 2012/12/03 10:00:51
50.70516435,6.446898244, 2012/12/03 10:01:00
50.70516989,6.447010897, 2012/12/03 10:01:08
50.70515522,6.447131261, 2012/12/03 10:01:17
50.70514072,6.447276771, 2012/12/03 10:01:26
50.70513745,6.447366709, 2012/12/03 10:01:34
50.70512295,6.447447259, 2012/12/03 10:01:41
50.70510057,6.447528312, 2012/12/03 10:01:48
50.70507827,6.447641719, 2012/12/03 10:01:56
50.70505388,6.447803071, 2012/12/03 10:02:05
50.70502865,6.447921591, 2012/12/03 10:02:13
50.70501558,6.448024185, 2012/12/03 10:02:20
50.70498255,6.44821655, 2012/12/03 10:02:30
50.70494081,6.448277319, 2012/12/03 10:02:37
50.7049476,6.448273296, 2012/12/03 10:02:46
50.70500183,6.44828612, 2012/12/03 10:02:54
50.7050165,6.448216969, 2012/12/03 10:03:10
50.70499118,6.448269272, 2012/12/03 10:03:17
50.70494257,6.44836843, 2012/12/03 10:03:23
50.70490376,6.448342698, 2012/12/03 10:03:31
50.70490602,6.448362311, 2012/12/03 10:03:41
50.70489136,6.448368682, 2012/12/03 10:03:49
50.70488214,6.448404221, 2012/12/03 10:03:55
50.70486487,6.448422661, 2012/12/03 10:04:05
50.7048611,6.448433306, 2012/12/03 10:04:11
50.7047746,6.448487537, 2012/12/03 10:04:19
50.70468248,6.448542355, 2012/12/03 10:04:26
50.70462439,6.448590299, 2012/12/03 10:04:34
50.70460444,6.448621983, 2012/12/03 10:04:40
50.70465205,6.448590634, 2012/12/03 10:04:52
50.70465314,6.448582672, 2012/12/03 10:05:04
50.70465038,6.448574373, 2012/12/03 10:05:19
50.70464426,6.448608655, 2012/12/03 10:05:30
50.70457662,6.448640171, 2012/12/03 10:05:34
50.70451903,6.448686272, 2012/12/03 10:05:42
50.70442088,6.448722901, 2012/12/03 10:05:50
50.70431083,6.448740754, 2012/12/03 10:06:01
50.7043187,6.44870731, 2012/12/03 10:06:07
50.70430806,6.448741173, 2012/12/03 10:06:13
50.7042918,6.448766319, 2012/12/03 10:06:15
50.70425048,6.448871009, 2012/12/03 10:06:22
50.70419683,6.448999839, 2012/12/03 10:06:32
50.70414134,6.449110815, 2012/12/03 10:06:41
50.70412718,6.449147277, 2012/12/03 10:06:49
50.70408083,6.449219109, 2012/12/03 10:06:58
50.70406171,6.449225564, 2012/12/03 10:07:04
50.70404562,6.44926127, 2012/12/03 10:07:12
50.70398686,6.44935322, 2012/12/03 10:07:19
50.70389181,6.449426897, 2012/12/03 10:07:28
50.70381344,6.449510381, 2012/12/03 10:07:37
50.703751,6.449600486, 2012/12/03 10:07:46
50.70371026,6.449680617, 2012/12/03 10:07:53
50.70366743,6.449766364, 2012/12/03 10:07:59
50.70359292,6.449891422, 2012/12/03 10:08:08
50.70356509,6.449910449, 2012/12/03 10:08:14
50.70345973,6.449892344, 2012/12/03 10:08:22
50.70337675,6.449792264, 2012/12/03 10:08:32
50.70336811,6.4497812, 2012/12/03 10:08:33
50.70328823,6.449653292, 2012/12/03 10:08:43
50.7032791,6.449615238, 2012/12/03 10:08:45
50.70324892,6.449531084, 2012/12/03 10:08:51
50.70320902,6.449445337, 2012/12/03 10:08:58
50.70317416,6.449371492, 2012/12/03 10:09:03
50.70312906,6.449211147, 2012/12/03 10:09:13
50.70311666,6.449172003, 2012/12/03 10:09:17
50.70305832,6.449117102, 2012/12/03 10:09:26
50.70304725,6.449096315, 2012/12/03 10:09:36
50.70303728,6.44907712, 2012/12/03 10:09:43
50.70303292,6.449068738, 2012/12/03 10:09:49
50.70302663,6.449073181, 2012/12/03 10:10:02
50.70302295,6.44912825, 2012/12/03 10:10:10
50.70300241,6.449168734, 2012/12/03 10:10:18
50.70300543,6.449233694, 2012/12/03 10:10:28
50.70301079,6.449326063, 2012/12/03 10:10:38
50.70300995,6.449423293, 2012/12/03 10:10:47
50.70298933,6.449536029, 2012/12/03 10:10:57
50.70299445,6.449631834, 2012/12/03 10:11:06
50.70299973,6.449699812, 2012/12/03 10:11:14
50.7030118,6.449789666, 2012/12/03 10:11:23
50.70300417,6.449882789, 2012/12/03 10:11:32
50.70301113,6.449967027, 2012/12/03 10:11:40
50.70301725,6.450001812, 2012/12/03 10:11:49
50.70302362,6.450041039, 2012/12/03 10:11:56
50.70305077,6.450066352, 2012/12/03 10:12:06
50.70307751,6.45010516, 2012/12/03 10:12:16
50.70309076,6.450163582, 2012/12/03 10:12:26
50.70310107,6.450271793, 2012/12/03 10:12:39
50.70307793,6.450333651, 2012/12/03 10:12:48
50.70308791,6.450442448, 2012/12/03 10:12:58
50.70307491,6.450576726, 2012/12/03 10:13:12
50.70307005,6.450640429, 2012/12/03 10:13:22
50.70306175,6.450692564, 2012/12/03 10:13:29
50.70309612,6.450734977, 2012/12/03 10:13:37
50.70310459,6.450776216, 2012/12/03 10:13:46
50.7030843,6.450818377, 2012/12/03 10:14:00
50.7030724,6.450894233, 2012/12/03 10:14:08
50.70312395,6.45101686, 2012/12/03 10:14:20
50.7031252,6.451203022, 2012/12/03 10:14:32
50.70313945,6.451362362, 2012/12/03 10:14:41
50.70316636,6.451445175, 2012/12/03 10:14:51
50.70318849,6.451533185, 2012/12/03 10:15:00
50.7031998,6.451624967, 2012/12/03 10:15:11
50.70319922,6.451688334, 2012/12/03 10:15:20
50.70319159,6.45176637, 2012/12/03 10:15:27
50.70318539,6.451814566, 2012/12/03 10:15:37
50.70318966,6.451864354, 2012/12/03 10:15:44
50.70320542,6.451923363, 2012/12/03 10:15:53
50.70321959,6.451972397, 2012/12/03 10:16:01
50.70320936,6.452019168, 2012/12/03 10:16:09
50.7031926,6.452063173, 2012/12/03 10:16:18
50.70320467,6.452146824, 2012/12/03 10:16:27
50.70323484,6.452140454, 2012/12/03 10:16:34
50.7032568,6.452196613, 2012/12/03 10:16:44
50.70327952,6.45226853, 2012/12/03 10:16:52
50.7033195,6.452318989, 2012/12/03 10:17:01
50.70333727,6.452365508, 2012/12/03 10:17:10
50.70334506,6.452427367, 2012/12/03 10:17:18
50.70333584,6.452493835, 2012/12/03 10:17:27
50.7033423,6.452545887, 2012/12/03 10:17:36
50.70334992,6.452568099, 2012/12/03 10:17:44
50.70334783,6.452644542, 2012/12/03 10:17:54
50.70334573,6.452696761, 2012/12/03 10:18:01
50.70334473,6.45273624, 2012/12/03 10:18:11
50.70333693,6.452733139, 2012/12/03 10:18:22
50.70332922,6.452788711, 2012/12/03 10:18:31
50.70331028,6.452819975, 2012/12/03 10:18:37
50.70330441,6.452859957, 2012/12/03 10:18:43
50.70328136,6.452896167, 2012/12/03 10:18:49
50.70327046,6.452929443, 2012/12/03 10:18:55
50.70326627,6.452948889, 2012/12/03 10:18:59
50.70329393,6.452948134, 2012/12/03 10:19:10
50.70330592,6.452962803, 2012/12/03 10:19:15
50.7032972,6.452957941, 2012/12/03 10:19:18
50.70332017,6.452998761, 2012/12/03 10:19:27
50.70336048,6.453063805, 2012/12/03 10:19:36
50.70335998,6.453108061, 2012/12/03 10:19:42
50.7033801,6.453148043, 2012/12/03 10:19:51
50.70338714,6.453197831, 2012/12/03 10:19:58
50.70337633,6.453225575, 2012/12/03 10:20:06
50.70337121,6.453244435, 2012/12/03 10:20:17
50.70334188,6.453295816, 2012/12/03 10:20:24
50.70333735,6.453288104, 2012/12/03 10:20:26
50.70332025,6.453235382, 2012/12/03 10:20:33
50.70329636,6.453196993, 2012/12/03 10:20:46
50.70328597,6.453200346, 2012/12/03 10:20:56
50.70329888,6.453217026, 2012/12/03 10:21:10
50.70335219,6.453241669, 2012/12/03 10:21:19
50.70333316,6.453299755, 2012/12/03 10:21:26
50.7033019,6.453312077, 2012/12/03 10:21:33
50.70329863,6.453304617, 2012/12/03 10:21:42
50.70330081,6.453317022, 2012/12/03 10:21:48
50.70329234,6.453304281, 2012/12/03 10:22:04
50.70328555,6.45330403, 2012/12/03 10:22:12
50.70329888,6.453292295, 2012/12/03 10:22:26
50.70328077,6.453285674, 2012/12/03 10:22:37
50.70327901,6.453282489, 2012/12/03 10:22:38
50.70327264,6.45331434, 2012/12/03 10:22:52
50.70327541,6.453286679, 2012/12/03 10:22:59
50.7032739,6.453292044, 2012/12/03 10:23:00
50.70327759,6.453289781, 2012/12/03 10:23:08
50.70329972,6.453267317, 2012/12/03 10:23:32
50.70333157,6.453267988, 2012/12/03 10:23:50
50.70333065,6.453273855, 2012/12/03 10:24:00
50.70330785,6.453262707, 2012/12/03 10:24:17
50.70328672,6.453270586, 2012/12/03 10:24:33
50.70327767,6.453273688, 2012/12/03 10:24:44
50.70328245,6.453281902, 2012/12/03 10:24:49
50.70329578,6.453305958, 2012/12/03 10:25:04
50.7032848,6.453291038, 2012/12/03 10:25:26
50.70328496,6.453290116, 2012/12/03 10:25:30
50.70328153,6.453277962, 2012/12/03 10:25:37
50.70327985,6.45324192, 2012/12/03 10:25:52
50.70328672,6.453261869, 2012/12/03 10:25:58
50.70328932,6.453267401, 2012/12/03 10:25:59
50.70331413,6.4532959, 2012/12/03 10:26:14
50.70333056,6.453333618, 2012/12/03 10:26:17
50.70334313,6.453453144, 2012/12/03 10:26:23
50.70338571,6.453506621, 2012/12/03 10:26:32
50.70338052,6.453521121, 2012/12/03 10:26:39
50.703363,6.453512572, 2012/12/03 10:26:54
50.70339049,6.4535549, 2012/12/03 10:27:03
50.70338647,6.453559846, 2012/12/03 10:27:13
50.70337792,6.453575101, 2012/12/03 10:27:24
50.70339577,6.453588679, 2012/12/03 10:27:31
50.70340625,6.453609047, 2012/12/03 10:27:38
50.70340793,6.453596894, 2012/12/03 10:27:47
50.70340332,6.453633523, 2012/12/03 10:27:57
50.70341564,6.453675684, 2012/12/03 10:28:05
50.70343534,6.45375154, 2012/12/03 10:28:15
50.70343366,6.453703763, 2012/12/03 10:28:21
50.70341513,6.453674678, 2012/12/03 10:28:43
50.70341153,6.453671912, 2012/12/03 10:28:53
50.70340893,6.453677528, 2012/12/03 10:29:01
50.70343886,6.453757323, 2012/12/03 10:29:10
50.70347213,6.453855224, 2012/12/03 10:29:17
50.70350289,6.453952873, 2012/12/03 10:29:24
50.70353407,6.454068627, 2012/12/03 10:29:33
50.70356006,6.454167198, 2012/12/03 10:29:41
50.70357531,6.454299213, 2012/12/03 10:29:50
50.70359015,6.454419913, 2012/12/03 10:29:59
50.70358864,6.454433491, 2012/12/03 10:30:00
50.7035681,6.454512198, 2012/12/03 10:30:07
50.70356358,6.454592496, 2012/12/03 10:30:14
50.7035759,6.454598363, 2012/12/03 10:30:22
50.70359065,6.454591826, 2012/12/03 10:30:26
50.70357716,6.454590484, 2012/12/03 10:30:37
50.70357431,6.45458227, 2012/12/03 10:30:38
50.703522,6.454598112, 2012/12/03 10:30:45
50.70351689,6.45459082, 2012/12/03 10:30:57
50.70355779,6.454593921, 2012/12/03 10:31:04
50.7035536,6.454623258, 2012/12/03 10:31:16
50.70356467,6.454675393, 2012/12/03 10:31:30
50.70359107,6.454684362, 2012/12/03 10:31:40
50.7036194,6.454732474, 2012/12/03 10:31:47
50.70367254,6.454801457, 2012/12/03 10:31:54
50.70368076,6.454849234, 2012/12/03 10:32:01
50.70370138,6.45490271, 2012/12/03 10:32:09
50.70374714,6.455013016, 2012/12/03 10:32:19
50.7037634,6.45506775, 2012/12/03 10:32:27
50.70379928,6.455171518, 2012/12/03 10:32:37
50.70384756,6.455222061, 2012/12/03 10:32:45
50.70391847,6.455275118, 2012/12/03 10:32:54
50.70398209,6.45535944, 2012/12/03 10:33:04
50.70399114,6.455371929, 2012/12/03 10:33:06
50.70406155,6.455457676, 2012/12/03 10:33:14
50.70414134,6.455551973, 2012/12/03 10:33:23
50.70416657,6.455664458, 2012/12/03 10:33:31
50.70423522,6.455807369, 2012/12/03 10:33:39
50.70426003,6.455886411, 2012/12/03 10:33:46
50.7042913,6.455978444, 2012/12/03 10:33:55
50.70432088,6.456101071, 2012/12/03 10:34:04
50.70434377,6.456187405, 2012/12/03 10:34:11
50.70435835,6.45633149, 2012/12/03 10:34:20
50.70436011,6.456379518, 2012/12/03 10:34:23
50.70437268,6.456488483, 2012/12/03 10:34:31
50.7043788,6.456597866, 2012/12/03 10:34:39
50.70438199,6.456650421, 2012/12/03 10:34:47
50.70439825,6.45672502, 2012/12/03 10:34:55
50.70439657,6.456767432, 2012/12/03 10:34:58
50.70439506,6.456815125, 2012/12/03 10:35:01
50.70439163,6.456932807, 2012/12/03 10:35:09
50.70438668,6.456959546, 2012/12/03 10:35:11
50.70437076,6.45709265, 2012/12/03 10:35:20
50.70435382,6.457102541, 2012/12/03 10:35:28
50.7043488,6.457103379, 2012/12/03 10:35:35
50.70435517,6.457093572, 2012/12/03 10:35:42
50.7043488,6.457094159, 2012/12/03 10:35:55
50.70430328,6.457128273, 2012/12/03 10:36:03
50.70427185,6.457139757, 2012/12/03 10:36:12
50.70430513,6.457101451, 2012/12/03 10:36:27
50.7043669,6.457085023, 2012/12/03 10:36:35
50.70438559,6.45709659, 2012/12/03 10:36:45
50.70438475,6.457130285, 2012/12/03 10:36:52
50.70439892,6.457146294, 2012/12/03 10:36:58
50.70441954,6.457125591, 2012/12/03 10:37:10
50.70442616,6.457117461, 2012/12/03 10:37:27
50.70442683,6.457117544, 2012/12/03 10:37:44
50.70446162,6.457136488, 2012/12/03 10:37:52
50.70448483,6.457156437, 2012/12/03 10:37:54
50.70451534,6.457245117, 2012/12/03 10:38:02
50.70452641,6.457276717, 2012/12/03 10:38:12
50.70454502,6.457367493, 2012/12/03 10:38:20
50.70457779,6.457489282, 2012/12/03 10:38:28
50.70458793,6.457537478, 2012/12/03 10:38:35
50.70459271,6.457554661, 2012/12/03 10:38:37
50.704629,6.457684161, 2012/12/03 10:38:45
50.70463001,6.457737302, 2012/12/03 10:38:51
50.7046352,6.457780218, 2012/12/03 10:38:57
50.70465943,6.457909551, 2012/12/03 10:39:06
50.70466538,6.457985407, 2012/12/03 10:39:13
50.70469941,6.458106861, 2012/12/03 10:39:21
50.70472665,6.458224459, 2012/12/03 10:39:28
50.70476211,6.458297716, 2012/12/03 10:39:34
50.70477988,6.458351109, 2012/12/03 10:39:41
50.7048129,6.458407436, 2012/12/03 10:39:48
50.70481776,6.458436772, 2012/12/03 10:39:54
50.7048274,6.458446579, 2012/12/03 10:40:08
50.70483159,6.458460661, 2012/12/03 10:40:14
50.70487895,6.458514472, 2012/12/03 10:40:22
50.70488767,6.458554789, 2012/12/03 10:40:29
50.70489362,6.458563255, 2012/12/03 10:40:40
50.70490753,6.458585635, 2012/12/03 10:40:55
50.70489177,6.458548335, 2012/12/03 10:41:07
50.70492329,6.458587563, 2012/12/03 10:41:20
50.70495489,6.458598794, 2012/12/03 10:41:40
50.70496009,6.458570966, 2012/12/03 10:41:57
50.70495548,6.458539115, 2012/12/03 10:42:15
50.70494953,6.458563674, 2012/12/03 10:42:31
50.70490787,6.45860265, 2012/12/03 10:42:48
50.70495531,6.458531907, 2012/12/03 10:43:04
50.70496528,6.458534673, 2012/12/03 10:43:16
50.70494517,6.458534254, 2012/12/03 10:43:26
50.70494668,6.45856644, 2012/12/03 10:43:40
50.70496948,6.458598711, 2012/12/03 10:43:47
50.70498909,6.458627461, 2012/12/03 10:43:51
50.70503695,6.45871304, 2012/12/03 10:43:58
50.70508992,6.45880566, 2012/12/03 10:44:05
50.70510987,6.458911942, 2012/12/03 10:44:13
50.70515782,6.459014621, 2012/12/03 10:44:20
50.70521867,6.459123166, 2012/12/03 10:44:28
50.70527332,6.459222408, 2012/12/03 10:44:37
50.70530249,6.459322656, 2012/12/03 10:44:46
50.70533593,6.459413096, 2012/12/03 10:44:55
50.70539301,6.459478643, 2012/12/03 10:45:02
50.70543517,6.459537232, 2012/12/03 10:45:09
50.70547029,6.459615771, 2012/12/03 10:45:17
50.70548655,6.459656842, 2012/12/03 10:45:21
50.70552838,6.459761532, 2012/12/03 10:45:28
50.7055687,6.459891871, 2012/12/03 10:45:36
50.70556182,6.45994124, 2012/12/03 10:45:42
50.70550072,6.459971331, 2012/12/03 10:45:49
50.70548764,6.459988011, 2012/12/03 10:45:57
50.70549284,6.459985748, 2012/12/03 10:46:09
50.70551145,6.459986502, 2012/12/03 10:46:11
50.7055485,6.459982311, 2012/12/03 10:46:15
50.70559938,6.460066298, 2012/12/03 10:46:23
50.7056153,6.460192278, 2012/12/03 10:46:32
50.70561916,6.460164031, 2012/12/03 10:46:43
50.70561413,6.460188339, 2012/12/03 10:46:53
50.70562259,6.460208455, 2012/12/03 10:47:05
50.70563408,6.460179035, 2012/12/03 10:47:14
50.70565134,6.460158834, 2012/12/03 10:47:16
50.70568579,6.460157242, 2012/12/03 10:47:24
50.70567154,6.460160343, 2012/12/03 10:47:30
50.70562184,6.460200073, 2012/12/03 10:47:37
50.70561999,6.460194206, 2012/12/03 10:47:41
50.70561706,6.460190183, 2012/12/03 10:47:48
50.70557247,6.460279366, 2012/12/03 10:47:56
50.70556643,6.460286072, 2012/12/03 10:47:57
50.7055438,6.460365281, 2012/12/03 10:48:04
50.70551463,6.460432922, 2012/12/03 10:48:11
50.70548982,6.460484723, 2012/12/03 10:48:17
50.70545571,6.460536104, 2012/12/03 10:48:25
50.70533694,6.460652109, 2012/12/03 10:48:33
50.70532227,6.460744059, 2012/12/03 10:48:41
50.70530869,6.460879678, 2012/12/03 10:48:50
50.70525899,6.461023595, 2012/12/03 10:49:01
50.70521892,6.461102972, 2012/12/03 10:49:08
50.70513644,6.461201124, 2012/12/03 10:49:19
50.70509009,6.461323919, 2012/12/03 10:49:29
50.70506101,6.461489294, 2012/12/03 10:49:39
50.70501449,6.461605299, 2012/12/03 10:49:49
50.70495347,6.461718623, 2012/12/03 10:50:00
50.70494718,6.461846698, 2012/12/03 10:50:09
50.70487099,6.461941916, 2012/12/03 10:50:18
50.70482388,6.46204384, 2012/12/03 10:50:28
50.70477191,6.462131599, 2012/12/03 10:50:36
50.70471467,6.462222207, 2012/12/03 10:50:44
50.7046596,6.462305188, 2012/12/03 10:50:53
50.70460863,6.462391522, 2012/12/03 10:51:03
50.7045855,6.462456314, 2012/12/03 10:51:10
50.70454317,6.462504594, 2012/12/03 10:51:16
50.70449154,6.462573744, 2012/12/03 10:51:26
50.7044793,6.462591765, 2012/12/03 10:51:30
50.70442532,6.462673657, 2012/12/03 10:51:37
50.7043617,6.462754374, 2012/12/03 10:51:45
50.70429297,6.462854454, 2012/12/03 10:51:54
50.70423463,6.462950176, 2012/12/03 10:52:03
50.70418225,6.463060733, 2012/12/03 10:52:13
50.70413413,6.463145223, 2012/12/03 10:52:21
50.70408778,6.463225856, 2012/12/03 10:52:29
50.70403506,6.463330379, 2012/12/03 10:52:37
50.70398284,6.463414449, 2012/12/03 10:52:45
50.70397689,6.463421993, 2012/12/03 10:52:46
50.70392786,6.463500531, 2012/12/03 10:52:56
50.7039188,6.463507656, 2012/12/03 10:53:07
50.70387698,6.463548811, 2012/12/03 10:53:16
50.70386122,6.463590553, 2012/12/03 10:53:24
50.70381554,6.463647718, 2012/12/03 10:53:34
50.70377782,6.463724663, 2012/12/03 10:53:44
50.7037603,6.463751988, 2012/12/03 10:53:47
50.70373683,6.463791635, 2012/12/03 10:53:52
50.7037054,6.463835221, 2012/12/03 10:53:58
50.70364027,6.463928344, 2012/12/03 10:54:08
50.70361219,6.463980144, 2012/12/03 10:54:15
50.70357925,6.464046445, 2012/12/03 10:54:22
50.70356274,6.464093132, 2012/12/03 10:54:25
50.70352812,6.464195391, 2012/12/03 10:54:34
50.70349007,6.464287676, 2012/12/03 10:54:41
50.70345386,6.464404017, 2012/12/03 10:54:48
50.70341941,6.464534858, 2012/12/03 10:54:57
50.70337641,6.464656731, 2012/12/03 10:55:05
50.70333299,6.464763265, 2012/12/03 10:55:13
50.70329888,6.464919169, 2012/12/03 10:55:23
50.70327817,6.464986559, 2012/12/03 10:55:33
50.70324607,6.465018578, 2012/12/03 10:55:43
50.70322931,6.465039616, 2012/12/03 10:55:54
50.70320358,6.465024613, 2012/12/03 10:56:00
50.70320492,6.465023439, 2012/12/03 10:56:01
50.70320819,6.465038611, 2012/12/03 10:56:06
50.7032159,6.464959821, 2012/12/03 10:56:13
50.70321665,6.464920342, 2012/12/03 10:56:16
50.70320852,6.464859322, 2012/12/03 10:56:21
50.70321539,6.464766283, 2012/12/03 10:56:29
50.7032185,6.464761002, 2012/12/03 10:56:31
50.70322428,6.464717668, 2012/12/03 10:56:35
50.70323903,6.464610714, 2012/12/03 10:56:43
50.7032444,6.464508707, 2012/12/03 10:56:51
50.70324607,6.46448289, 2012/12/03 10:56:52
50.70324247,6.464440981, 2012/12/03 10:56:54
50.70324079,6.464380212, 2012/12/03 10:56:58
50.70323937,6.46425331, 2012/12/03 10:57:06
50.70323853,6.464234451, 2012/12/03 10:57:07
50.70325789,6.464075446, 2012/12/03 10:57:16
50.70329125,6.463991627, 2012/12/03 10:57:23
50.70333827,6.463862713, 2012/12/03 10:57:32
50.70337733,6.463762047, 2012/12/03 10:57:40
50.70338488,6.463755006, 2012/12/03 10:57:41
50.70340063,6.463628691, 2012/12/03 10:57:49
50.70339669,6.46360212, 2012/12/03 10:57:51
50.70340323,6.463457113, 2012/12/03 10:57:58
50.70342192,6.463259049, 2012/12/03 10:58:08
50.70344648,6.463098787, 2012/12/03 10:58:17
50.70346417,6.463018488, 2012/12/03 10:58:23
50.70347129,6.462887647, 2012/12/03 10:58:32
50.70347448,6.462817239, 2012/12/03 10:58:39
50.70349661,6.462779855, 2012/12/03 10:58:47
50.70351454,6.462664185, 2012/12/03 10:58:54
50.70350541,6.462617666, 2012/12/03 10:59:01
50.70350901,6.46253678, 2012/12/03 10:59:10
50.70350918,6.462518591, 2012/12/03 10:59:11
50.70352469,6.462456817, 2012/12/03 10:59:19
50.7035438,6.462452039, 2012/12/03 10:59:36
50.70352854,6.462458074, 2012/12/03 10:59:37
50.70350801,6.462416835, 2012/12/03 10:59:43
50.70349443,6.46234232, 2012/12/03 10:59:50
50.7034749,6.462330334, 2012/12/03 10:59:59
50.70343986,6.462293789, 2012/12/03 11:00:06
50.70345235,6.462262524, 2012/12/03 11:00:14
50.70345453,6.462268811, 2012/12/03 11:00:17
50.70343634,6.462267889, 2012/12/03 11:00:24
50.70342343,6.462226901, 2012/12/03 11:00:33
50.70341589,6.462226901, 2012/12/03 11:00:40
50.7034174,6.462225728, 2012/12/03 11:00:56
50.70341187,6.462195721, 2012/12/03 11:01:12
50.70341673,6.462194631, 2012/12/03 11:01:22
50.70343307,6.462230003, 2012/12/03 11:01:31
50.70341455,6.462240145, 2012/12/03 11:01:40
50.70341212,6.462191446, 2012/12/03 11:01:55
50.70339929,6.462147189, 2012/12/03 11:02:07
50.70341547,6.462216256, 2012/12/03 11:02:16
50.70341941,6.462248359, 2012/12/03 11:02:25
50.70342989,6.462206198, 2012/12/03 11:02:35
50.70342519,6.462200247, 2012/12/03 11:02:42
50.70340198,6.462178202, 2012/12/03 11:03:02
50.70341765,6.462172503, 2012/12/03 11:03:13
50.70342285,6.462160181, 2012/12/03 11:03:22
50.70341664,6.462111231, 2012/12/03 11:03:29
50.7034148,6.462105028, 2012/12/03 11:03:36
50.70343265,6.462116512, 2012/12/03 11:03:46
50.70343584,6.462136125, 2012/12/03 11:03:54
50.70344984,6.462181471, 2012/12/03 11:04:10
50.70347146,6.462158002, 2012/12/03 11:04:17
50.70346124,6.462197565, 2012/12/03 11:04:24
50.70345042,6.462172503, 2012/12/03 11:04:41
50.70342427,6.462219441, 2012/12/03 11:04:54
50.70343659,6.46224861, 2012/12/03 11:05:01
50.70343684,6.462233188, 2012/12/03 11:05:06
50.70342913,6.462237211, 2012/12/03 11:05:24
50.70343391,6.462283144, 2012/12/03 11:05:37
50.70346375,6.46233201, 2012/12/03 11:05:46
50.70348303,6.462363107, 2012/12/03 11:05:52
50.70348898,6.462378278, 2012/12/03 11:05:59
50.70348873,6.462425636, 2012/12/03 11:06:06
50.70349996,6.462440472, 2012/12/03 11:06:12
50.70350717,6.462489255, 2012/12/03 11:06:22
50.7035179,6.462660329, 2012/12/03 11:06:32
50.70347448,6.462791841, 2012/12/03 11:06:41
50.70345981,6.462896448, 2012/12/03 11:06:49
50.70345403,6.46302863, 2012/12/03 11:06:59
50.70343668,6.463157879, 2012/12/03 11:07:09
50.70343768,6.463270113, 2012/12/03 11:07:16
50.70345302,6.463379329, 2012/12/03 11:07:24
50.70343626,6.463539256, 2012/12/03 11:07:34
50.70340508,6.46364118, 2012/12/03 11:07:41
50.70338513,6.463797921, 2012/12/03 11:07:51
50.70337406,6.463852152, 2012/12/03 11:07:55
50.70335018,6.463985592, 2012/12/03 11:08:03
50.70332855,6.46413764, 2012/12/03 11:08:12
50.70331371,6.464244341, 2012/12/03 11:08:20
50.7033112,6.46436655, 2012/12/03 11:08:28
50.70330466,6.464453302, 2012/12/03 11:08:34
50.70327164,6.464589927, 2012/12/03 11:08:44
50.70324163,6.464708028, 2012/12/03 11:08:53
50.70323006,6.464838199, 2012/12/03 11:09:03
50.70321648,6.464925958, 2012/12/03 11:09:10
50.70320257,6.465015309, 2012/12/03 11:09:17
50.70321523,6.465140451, 2012/12/03 11:09:26
50.70319536,6.465193676, 2012/12/03 11:09:30
50.70312705,6.465260396, 2012/12/03 11:09:38
50.70302429,6.465305323, 2012/12/03 11:09:47
50.70299562,6.465321751, 2012/12/03 11:09:50
50.7028978,6.465379084, 2012/12/03 11:10:00
50.70289219,6.465370618, 2012/12/03 11:10:01
50.702874,6.465350334, 2012/12/03 11:10:06
50.70285405,6.46534849, 2012/12/03 11:10:14
50.70285363,6.465304652, 2012/12/03 11:10:22
50.70283963,6.465319907, 2012/12/03 11:10:25
50.70283595,6.465305993, 2012/12/03 11:10:29
50.70285774,6.465322506, 2012/12/03 11:10:45
50.70281365,6.465359973, 2012/12/03 11:10:53
50.70277342,6.465377156, 2012/12/03 11:11:01
50.70275699,6.465401044, 2012/12/03 11:11:12
50.70276638,6.465419065, 2012/12/03 11:11:22
50.70273109,6.465462735, 2012/12/03 11:11:28
50.70273628,6.465459047, 2012/12/03 11:11:39
50.70274265,6.465416048, 2012/12/03 11:11:50
50.70277249,6.465428201, 2012/12/03 11:12:00
50.70272539,6.465441948, 2012/12/03 11:12:13
50.70271248,6.465486037, 2012/12/03 11:12:20
50.70271223,6.465526521, 2012/12/03 11:12:24
50.70268365,6.465599528, 2012/12/03 11:12:31
50.7026756,6.46557237, 2012/12/03 11:12:37
50.70267443,6.465574885, 2012/12/03 11:12:38
50.7026725,6.465557199, 2012/12/03 11:12:45
50.70267644,6.465568263, 2012/12/03 11:12:50
50.70268792,6.465547392, 2012/12/03 11:13:00
50.70266479,6.465563485, 2012/12/03 11:13:09
50.70267065,6.465556109, 2012/12/03 11:13:17
50.70271173,6.465540268, 2012/12/03 11:13:29
50.70271692,6.465510931, 2012/12/03 11:13:37
50.70271885,6.465498693, 2012/12/03 11:13:38
50.70272924,6.465481007, 2012/12/03 11:13:46
50.70274634,6.46542334, 2012/12/03 11:13:54
50.70280661,6.465406241, 2012/12/03 11:14:02
50.70285522,6.465356369, 2012/12/03 11:14:09
50.70288423,6.46534849, 2012/12/03 11:14:17
50.70291021,6.465333318, 2012/12/03 11:14:24
50.70291633,6.465354441, 2012/12/03 11:14:33
50.70293435,6.465367265, 2012/12/03 11:14:37
50.70297425,6.4653935, 2012/12/03 11:14:44
50.70295991,6.465349663, 2012/12/03 11:14:52
50.70293611,6.465346562, 2012/12/03 11:14:56
50.70285548,6.465322087, 2012/12/03 11:15:05
50.7029139,6.46534279, 2012/12/03 11:15:11
50.7029714,6.465276405, 2012/12/03 11:15:19
50.70308631,6.465232568, 2012/12/03 11:15:29
50.70314918,6.465187557, 2012/12/03 11:15:36
50.70321447,6.465097703, 2012/12/03 11:15:44
50.70328203,6.465062331, 2012/12/03 11:15:52
50.70332637,6.465020422, 2012/12/03 11:16:00
50.70337784,6.464972729, 2012/12/03 11:16:06
50.7034521,6.464890167, 2012/12/03 11:16:15
50.7034785,6.464843061, 2012/12/03 11:16:23
50.70352988,6.464732252, 2012/12/03 11:16:33
50.70360339,6.464647846, 2012/12/03 11:16:42
50.70363709,6.464606524, 2012/12/03 11:16:47
50.70370967,6.464555142, 2012/12/03 11:16:56
50.70378612,6.464471491, 2012/12/03 11:17:06
50.70385083,6.464377362, 2012/12/03 11:17:16
50.70393129,6.464298991, 2012/12/03 11:17:25
50.70399005,6.464234702, 2012/12/03 11:17:34
50.7040509,6.464146106, 2012/12/03 11:17:43
50.7040763,6.464060862, 2012/12/03 11:17:50
50.70412709,6.46398291, 2012/12/03 11:17:58
50.70416699,6.463908143, 2012/12/03 11:18:06
50.70424,6.463823905, 2012/12/03 11:18:16
50.70431183,6.463747798, 2012/12/03 11:18:25
50.70438894,6.463657273, 2012/12/03 11:18:35
50.70445374,6.463575969, 2012/12/03 11:18:43
50.70452834,6.463476978, 2012/12/03 11:18:52
50.70454476,6.463456359, 2012/12/03 11:18:54
50.70460235,6.463394081, 2012/12/03 11:19:02
50.70468843,6.463320237, 2012/12/03 11:19:11
50.70471257,6.46330582, 2012/12/03 11:19:13
50.70478549,6.463235831, 2012/12/03 11:19:22
50.70483092,6.463181097, 2012/12/03 11:19:30
50.70488331,6.463117143, 2012/12/03 11:19:39
50.70493117,6.463062828, 2012/12/03 11:19:46
50.70500275,6.462996528, 2012/12/03 11:19:53
50.70502941,6.462975573, 2012/12/03 11:19:56
50.70509336,6.462904913, 2012/12/03 11:20:06
50.70514424,6.462824699, 2012/12/03 11:20:17
50.70522026,6.462744065, 2012/12/03 11:20:26
50.70529318,6.462660413, 2012/12/03 11:20:35
50.70536485,6.462555304, 2012/12/03 11:20:44
50.70540592,6.462498894, 2012/12/03 11:20:50
50.70546761,6.462385571, 2012/12/03 11:21:00
50.70551111,6.462313319, 2012/12/03 11:21:08
50.70556425,6.462246263, 2012/12/03 11:21:17
50.70559904,6.462206114, 2012/12/03 11:21:24
50.70565143,6.462135706, 2012/12/03 11:21:31
50.70570767,6.462054318, 2012/12/03 11:21:40
50.70577959,6.461985083, 2012/12/03 11:21:48
50.70582191,6.461975444, 2012/12/03 11:21:54
50.70589626,6.461863462, 2012/12/03 11:22:05
50.70594169,6.461768243, 2012/12/03 11:22:14
50.7059572,6.461743182, 2012/12/03 11:22:16
50.70602979,6.461641006, 2012/12/03 11:22:26
50.70604202,6.461602617, 2012/12/03 11:22:32
50.70605703,6.46159566, 2012/12/03 11:22:38
50.70608242,6.461563809, 2012/12/03 11:22:49
50.70610153,6.461424921, 2012/12/03 11:22:58
50.70605418,6.461401787, 2012/12/03 11:23:07
50.706081,6.461380413, 2012/12/03 11:23:17
50.70607228,6.461414527, 2012/12/03 11:23:24
50.70620622,6.461441768, 2012/12/03 11:23:32
50.70622265,6.461424166, 2012/12/03 11:23:41
50.70624981,6.461434644, 2012/12/03 11:24:00
50.70624537,6.461411174, 2012/12/03 11:24:10
50.70615744,6.461423412, 2012/12/03 11:24:19
50.70615082,6.461426597, 2012/12/03 11:24:22
50.70615753,6.461404888, 2012/12/03 11:24:31
50.70618502,6.461365242, 2012/12/03 11:24:35
50.70629801,6.461177571, 2012/12/03 11:24:49
50.70643807,6.461103223, 2012/12/03 11:25:03
50.70643874,6.461098781, 2012/12/03 11:25:04
50.70651283,6.461011609, 2012/12/03 11:25:15
50.70659917,6.460864423, 2012/12/03 11:25:28
50.70673236,6.460732659, 2012/12/03 11:25:41
50.70684568,6.460564518, 2012/12/03 11:25:55
50.70693713,6.460420014, 2012/12/03 11:26:04
50.70699706,6.460317252, 2012/12/03 11:26:13
50.70707627,6.460198816, 2012/12/03 11:26:23
50.70708239,6.460184483, 2012/12/03 11:26:24
50.70715665,6.460047439, 2012/12/03 11:26:34
50.70722287,6.459946269, 2012/12/03 11:26:43
50.70726452,6.459866725, 2012/12/03 11:26:52
50.70727936,6.459831605, 2012/12/03 11:26:55
50.70733896,6.459702859, 2012/12/03 11:27:05
50.70738824,6.459635636, 2012/12/03 11:27:14
50.70740333,6.459605545, 2012/12/03 11:27:23
50.70741221,6.459614849, 2012/12/03 11:27:32
50.70743493,6.459622728, 2012/12/03 11:27:45
50.70743107,6.45960982, 2012/12/03 11:28:01
50.70745136,6.459537484, 2012/12/03 11:28:10
50.70748094,6.45939298, 2012/12/03 11:28:19
50.70749779,6.459209165, 2012/12/03 11:28:31
50.70750752,6.459103553, 2012/12/03 11:28:37
50.70751632,6.458895765, 2012/12/03 11:28:47
50.70754549,6.458762242, 2012/12/03 11:28:55
50.70756979,6.458640704, 2012/12/03 11:29:03
50.70758471,6.458511874, 2012/12/03 11:29:11
50.70761849,6.458406933, 2012/12/03 11:29:18
50.70762738,6.458324455, 2012/12/03 11:29:23
50.70766887,6.458165031, 2012/12/03 11:29:33
50.70770499,6.458050283, 2012/12/03 11:29:42
50.7077096,6.458022539, 2012/12/03 11:29:44
50.70772922,6.457880801, 2012/12/03 11:29:53
50.70775344,6.457706373, 2012/12/03 11:30:03
50.70776534,6.457570335, 2012/12/03 11:30:11
50.70777909,6.457423652, 2012/12/03 11:30:20
50.70779493,6.457259953, 2012/12/03 11:30:30
50.707793,6.457114192, 2012/12/03 11:30:38
50.70779183,6.456990642, 2012/12/03 11:30:46
50.70779904,6.456858041, 2012/12/03 11:30:54
50.70780264,6.456713537, 2012/12/03 11:31:03
50.70780868,6.456601303, 2012/12/03 11:31:10
50.70782251,6.456516646, 2012/12/03 11:31:17
50.70781304,6.456394689, 2012/12/03 11:31:24
50.70780599,6.456288826, 2012/12/03 11:31:32
50.70778605,6.456159074, 2012/12/03 11:31:40
50.70775973,6.456040889, 2012/12/03 11:31:48
50.70772025,6.455913568, 2012/12/03 11:31:56
50.70768211,6.455745008, 2012/12/03 11:32:07
50.70767473,6.455681054, 2012/12/03 11:32:11
50.70764607,6.455488522, 2012/12/03 11:32:22
50.70762553,6.455337564, 2012/12/03 11:32:31
50.70759653,6.455260534, 2012/12/03 11:32:38
50.70758991,6.455247039, 2012/12/03 11:32:44
50.70757817,6.455219295, 2012/12/03 11:32:50
50.70757851,6.455214936, 2012/12/03 11:32:51
50.70758312,6.455241926, 2012/12/03 11:32:58
50.70758052,6.455180738, 2012/12/03 11:33:06
50.70755655,6.455067331, 2012/12/03 11:33:12
50.707548,6.455021398, 2012/12/03 11:33:15
50.70750827,6.454871278, 2012/12/03 11:33:24
50.70748438,6.454744712, 2012/12/03 11:33:32
50.70744909,6.454575649, 2012/12/03 11:33:42
50.70745991,6.454565506, 2012/12/03 11:33:51
50.70749913,6.454343302, 2012/12/03 11:34:01
50.70749477,6.454248922, 2012/12/03 11:34:09
50.70748958,6.454112548, 2012/12/03 11:34:18
50.70753015,6.454066699, 2012/12/03 11:34:25
50.70752445,6.454030154, 2012/12/03 11:34:33
50.70750785,6.454105591, 2012/12/03 11:34:44
50.70749486,6.454102071, 2012/12/03 11:34:51
50.70747399,6.454091594, 2012/12/03 11:34:55
50.70741976,6.453978522, 2012/12/03 11:35:05
50.70736511,6.453877101, 2012/12/03 11:35:15
50.70734524,6.453832509, 2012/12/03 11:35:18
50.70728984,6.453720862, 2012/12/03 11:35:25
50.70721742,6.45358826, 2012/12/03 11:35:35
50.7071714,6.453483487, 2012/12/03 11:35:44
50.70713854,6.453398159, 2012/12/03 11:35:53
50.70709948,6.453311574, 2012/12/03 11:36:03
50.70705959,6.453228341, 2012/12/03 11:36:12
50.70697929,6.45309926, 2012/12/03 11:36:23
50.70690922,6.45298711, 2012/12/03 11:36:33
50.70683856,6.452888958, 2012/12/03 11:36:42
50.70677452,6.452749819, 2012/12/03 11:36:52
50.70676052,6.452719644, 2012/12/03 11:36:57
50.70675457,6.452653259, 2012/12/03 11:37:00
50.7067456,6.452542115, 2012/12/03 11:37:07
50.70673479,6.452487884, 2012/12/03 11:37:13
50.70672766,6.452487968, 2012/12/03 11:37:14
50.70671283,6.452488722, 2012/12/03 11:37:16
50.70668215,6.452472797, 2012/12/03 11:37:27
50.70667645,6.45247858, 2012/12/03 11:37:28
50.70666044,6.452500373, 2012/12/03 11:37:30
50.70664099,6.452521244, 2012/12/03 11:37:32
50.70663169,6.452511186, 2012/12/03 11:37:35
50.70661627,6.452504732, 2012/12/03 11:37:45
50.70660621,6.452469444, 2012/12/03 11:37:57
50.70660864,6.452463828, 2012/12/03 11:38:15
50.70660361,6.452462152, 2012/12/03 11:38:25
50.70660478,6.452458799, 2012/12/03 11:38:26
50.70660604,6.452451423, 2012/12/03 11:38:29
50.70661132,6.452450082, 2012/12/03 11:38:36
50.7066099,6.452453351, 2012/12/03 11:38:40
50.70660981,6.452455195, 2012/12/03 11:38:41
50.7066047,6.452470282, 2012/12/03 11:38:53
50.70661845,6.452440359, 2012/12/03 11:39:11
50.70662297,6.452439353, 2012/12/03 11:39:17
50.70660671,6.452436587, 2012/12/03 11:39:33
50.70661476,6.452470617, 2012/12/03 11:39:43
50.70662599,6.45246299, 2012/12/03 11:39:53
50.70661853,6.4524619, 2012/12/03 11:40:08
50.70662683,6.452471204, 2012/12/03 11:40:21
50.7066363,6.45246475, 2012/12/03 11:40:26
50.70663655,6.452474473, 2012/12/03 11:40:34
50.7066451,6.452461062, 2012/12/03 11:40:43
50.70664334,6.452422589, 2012/12/03 11:40:48
50.7066472,6.452412447, 2012/12/03 11:40:56
50.70665306,6.452488136, 2012/12/03 11:41:02
50.70663848,6.452495176, 2012/12/03 11:41:08
50.7066011,6.45252795, 2012/12/03 11:41:13
50.70656933,6.45255385, 2012/12/03 11:41:19
50.70655466,6.452576816, 2012/12/03 11:41:23
50.70653144,6.452577654, 2012/12/03 11:41:30
50.7065524,6.452553263, 2012/12/03 11:41:39
50.70661769,6.452494254, 2012/12/03 11:41:47
50.70659699,6.452508252, 2012/12/03 11:41:56
50.70659246,6.452496015, 2012/12/03 11:42:09
50.70658249,6.452601627, 2012/12/03 11:42:17
50.70654318,6.452690726, 2012/12/03 11:42:25
50.70651929,6.452754177, 2012/12/03 11:42:30
50.70649582,6.452855179, 2012/12/03 11:42:37
50.70643983,6.4529364, 2012/12/03 11:42:44
50.70641502,6.452951906, 2012/12/03 11:42:49
50.70639306,6.452996749, 2012/12/03 11:42:57
50.70638744,6.453040671, 2012/12/03 11:43:00
50.70635475,6.453151312, 2012/12/03 11:43:08
50.70635182,6.453170255, 2012/12/03 11:43:09
50.70632952,6.453291373, 2012/12/03 11:43:17
50.70631762,6.453390364, 2012/12/03 11:43:23
50.70626641,6.453543501, 2012/12/03 11:43:33
50.70625191,6.453578202, 2012/12/03 11:43:37
50.70623045,6.453600498, 2012/12/03 11:43:39
50.7061613,6.453694291, 2012/12/03 11:43:48
50.70612023,6.453793952, 2012/12/03 11:43:56
50.706095,6.453861007, 2012/12/03 11:44:03
50.70607614,6.453912305, 2012/12/03 11:44:11
50.70609064,6.453959998, 2012/12/03 11:44:18
50.70610899,6.454006517, 2012/12/03 11:44:22
50.70610279,6.454041721, 2012/12/03 11:44:30
50.70610229,6.454160409, 2012/12/03 11:44:38
50.7060955,6.454215813, 2012/12/03 11:44:46
50.70610514,6.454301812, 2012/12/03 11:44:52
50.70610128,6.454370627, 2012/12/03 11:44:57
50.70610221,6.454482945, 2012/12/03 11:45:04
50.70612442,6.454589395, 2012/12/03 11:45:12
50.70618686,6.454654858, 2012/12/03 11:45:19
50.70626129,6.45475083, 2012/12/03 11:45:28
50.70629817,6.454825262, 2012/12/03 11:45:34
50.70635232,6.454919558, 2012/12/03 11:45:41
50.70643329,6.455043359, 2012/12/03 11:45:49
50.70651619,6.45514193, 2012/12/03 11:45:58
50.70658282,6.455246033, 2012/12/03 11:46:06
50.70665055,6.455366062, 2012/12/03 11:46:14
50.7067202,6.45550495, 2012/12/03 11:46:23
50.70678097,6.455636546, 2012/12/03 11:46:31
50.70685649,6.455802005, 2012/12/03 11:46:42
50.7069093,6.455944832, 2012/12/03 11:46:50
50.70694232,6.456040805, 2012/12/03 11:46:56
50.7069476,6.456056228, 2012/12/03 11:46:57
50.70700209,6.45615438, 2012/12/03 11:47:04
50.70706956,6.456282288, 2012/12/03 11:47:14
50.7071139,6.456363676, 2012/12/03 11:47:21
50.70714106,6.45643157, 2012/12/03 11:47:26
50.70716453,6.456525782, 2012/12/03 11:47:36
50.70719194,6.456624353, 2012/12/03 11:47:43
50.707231,6.456791153, 2012/12/03 11:47:52
50.70726385,6.456833985, 2012/12/03 11:47:58
50.70729109,6.456942866, 2012/12/03 11:48:05
50.70733393,6.457094243, 2012/12/03 11:48:14
50.70737416,6.457199184, 2012/12/03 11:48:23
50.7074092,6.457353747, 2012/12/03 11:48:32
50.70745144,6.457535885, 2012/12/03 11:48:42
50.70749779,6.457721042, 2012/12/03 11:48:53
50.70754163,6.457847776, 2012/12/03 11:49:01
50.70759335,6.457998566, 2012/12/03 11:49:10
50.70762813,6.458141059, 2012/12/03 11:49:18
50.70764171,6.458284389, 2012/12/03 11:49:27
50.70764213,6.458319342, 2012/12/03 11:49:29
50.70762293,6.458411543, 2012/12/03 11:49:36
50.70760508,6.458503492, 2012/12/03 11:49:41
50.70758228,6.458675489, 2012/12/03 11:49:50
50.70755345,6.458855784, 2012/12/03 11:50:00
50.70753015,6.459063571, 2012/12/03 11:50:11
50.70752855,6.459186031, 2012/12/03 11:50:18
50.7075216,6.45921872, 2012/12/03 11:50:20
50.70747969,6.45940966, 2012/12/03 11:50:31
50.7074382,6.459548213, 2012/12/03 11:50:40
50.70738313,6.459669163, 2012/12/03 11:50:48
50.70732404,6.459787935, 2012/12/03 11:50:57
50.70731532,6.459801681, 2012/12/03 11:50:58
50.70725723,6.459920285, 2012/12/03 11:51:08
50.70718255,6.460040146, 2012/12/03 11:51:17
50.70711273,6.460171323, 2012/12/03 11:51:26
50.70704626,6.460280623, 2012/12/03 11:51:34
50.70697367,6.460403083, 2012/12/03 11:51:43
50.70689673,6.460530236, 2012/12/03 11:51:52
50.70681182,6.460654791, 2012/12/03 11:52:02
50.70675373,6.46075747, 2012/12/03 11:52:10
50.70667452,6.460875906, 2012/12/03 11:52:20
50.70662155,6.460960731, 2012/12/03 11:52:28
50.70662733,6.461066259, 2012/12/03 11:52:36
50.70669254,6.461008005, 2012/12/03 11:52:45
50.70675289,6.460940614, 2012/12/03 11:52:53
50.70683504,6.460886048, 2012/12/03 11:53:02
50.70693403,6.46080642, 2012/12/03 11:53:12
50.70695431,6.460787226, 2012/12/03 11:53:15
50.70697568,6.460768115, 2012/12/03 11:53:18
50.70705598,6.460704245, 2012/12/03 11:53:27
50.7071481,6.460633166, 2012/12/03 11:53:38
50.70727039,6.460557729, 2012/12/03 11:53:50
50.70736963,6.460502325, 2012/12/03 11:54:00
50.70747457,6.460417081, 2012/12/03 11:54:11
50.70758237,6.460364107, 2012/12/03 11:54:21
50.70766962,6.460316917, 2012/12/03 11:54:29
50.70777934,6.460255142, 2012/12/03 11:54:40
50.70784782,6.460224045, 2012/12/03 11:54:48
50.70784874,6.460227231, 2012/12/03 11:55:00
50.70790448,6.460208623, 2012/12/03 11:55:06
50.70800498,6.460181801, 2012/12/03 11:55:15
50.70811529,6.460154559, 2012/12/03 11:55:25
50.7082582,6.460152883, 2012/12/03 11:55:38
50.70836012,6.460124133, 2012/12/03 11:55:47
50.70845065,6.460097311, 2012/12/03 11:55:57
50.70854142,6.460072836, 2012/12/03 11:56:06
50.70857344,6.460064119, 2012/12/03 11:56:13
50.70863999,6.460047774, 2012/12/03 11:56:20
50.70871409,6.460042661, 2012/12/03 11:56:29
50.70872197,6.460045176, 2012/12/03 11:56:30
50.7088156,6.460020952, 2012/12/03 11:56:39
50.70895616,6.459999997, 2012/12/03 11:56:48
50.70906948,6.459993795, 2012/12/03 11:56:57
50.70919312,6.459997902, 2012/12/03 11:57:07
50.70927752,6.459971415, 2012/12/03 11:57:15
50.70940317,6.459921794, 2012/12/03 11:57:26
50.70948112,6.459904192, 2012/12/03 11:57:34
50.70957223,6.459881561, 2012/12/03 11:57:43
50.70966854,6.459856918, 2012/12/03 11:57:52
50.70978689,6.45983831, 2012/12/03 11:58:03
50.70989653,6.459812494, 2012/12/03 11:58:13
50.7099873,6.459766729, 2012/12/03 11:58:23
50.71003114,6.459734375, 2012/12/03 11:58:28
50.71013348,6.459662206, 2012/12/03 11:58:38
50.71022996,6.459589619, 2012/12/03 11:58:47
50.71032459,6.45951326, 2012/12/03 11:58:57
50.71041713,6.459452407, 2012/12/03 11:59:06
50.71047957,6.459402284, 2012/12/03 11:59:14
50.71055752,6.459331876, 2012/12/03 11:59:22
50.7106312,6.459245877, 2012/12/03 11:59:31
50.71070437,6.459164489, 2012/12/03 11:59:40
50.71077419,6.459050076, 2012/12/03 11:59:48
50.71084142,6.458964245, 2012/12/03 11:59:56
50.71092197,6.458846396, 2012/12/03 12:00:06
50.7109643,6.458773306, 2012/12/03 12:00:12
50.71104862,6.458650175, 2012/12/03 12:00:22
50.71111643,6.458516987, 2012/12/03 12:00:32
50.71116982,6.458380194, 2012/12/03 12:00:41
50.7112383,6.458223118, 2012/12/03 12:00:52
50.71130502,6.458106609, 2012/12/03 12:01:01
50.71136621,6.457967302, 2012/12/03 12:01:10
50.71141608,6.457849117, 2012/12/03 12:01:18
50.71149638,6.457697991, 2012/12/03 12:01:29
50.71153276,6.457660273, 2012/12/03 12:01:35
50.71158204,6.457601683, 2012/12/03 12:01:44
50.71162353,6.457545357, 2012/12/03 12:01:51
50.71162605,6.457513841, 2012/12/03 12:01:53
50.7116615,6.457395069, 2012/12/03 12:02:03
50.71164784,6.457341425, 2012/12/03 12:02:10
50.71167986,6.457302533, 2012/12/03 12:02:16
50.71169176,6.457310161, 2012/12/03 12:02:30
50.71171917,6.457298761, 2012/12/03 12:02:41
50.71172579,6.457290212, 2012/12/03 12:02:42
50.71174943,6.4572566, 2012/12/03 12:02:45
50.71183258,6.457128357, 2012/12/03 12:02:56
50.71188681,6.45703733, 2012/12/03 12:03:03
50.71192964,6.456995672, 2012/12/03 12:03:08
50.71197591,6.45689928, 2012/12/03 12:03:15
50.71200415,6.456847731, 2012/12/03 12:03:22
50.71206484,6.456768438, 2012/12/03 12:03:31
50.71213047,6.45668596, 2012/12/03 12:03:40
50.71219535,6.456630053, 2012/12/03 12:03:48
50.71222544,6.456591077, 2012/12/03 12:03:52
50.7122707,6.456551934, 2012/12/03 12:03:57
50.71235594,6.456449423, 2012/12/03 12:04:07
50.7123945,6.456355043, 2012/12/03 12:04:16
50.71241847,6.456257645, 2012/12/03 12:04:24
50.7124406,6.456157062, 2012/12/03 12:04:31
50.71251914,6.456009792, 2012/12/03 12:04:44
50.7125732,6.455978779, 2012/12/03 12:04:51
50.71266297,6.45589387, 2012/12/03 12:05:03
50.71267278,6.455890685, 2012/12/03 12:05:04
50.71276138,6.455803514, 2012/12/03 12:05:15
50.71276506,6.455801334, 2012/12/03 12:05:16
50.71276624,6.455791276, 2012/12/03 12:05:20
50.71282893,6.455741487, 2012/12/03 12:05:31
50.71287042,6.455661189, 2012/12/03 12:05:39
50.71288845,6.45560503, 2012/12/03 12:05:44
50.71289716,6.455571167, 2012/12/03 12:05:46
50.71292072,6.455437141, 2012/12/03 12:05:54
50.71292298,6.45542264, 2012/12/03 12:05:55
50.71291032,6.455302946, 2012/12/03 12:06:03
50.71290236,6.45526682, 2012/12/03 12:06:06
50.7128892,6.455228431, 2012/12/03 12:06:10
50.71288459,6.455216194, 2012/12/03 12:06:11
50.71289549,6.455152407, 2012/12/03 12:06:15
50.7129172,6.455094488, 2012/12/03 12:06:19
50.71297294,6.455060458, 2012/12/03 12:06:29
50.71299054,6.455054339, 2012/12/03 12:06:37
50.71303873,6.455102032, 2012/12/03 12:06:45
50.71313362,6.455161544, 2012/12/03 12:06:56
50.71322213,6.455178559, 2012/12/03 12:07:05
50.71329388,6.455215607, 2012/12/03 12:07:13
50.71337191,6.455288781, 2012/12/03 12:07:24
50.71342221,6.455344101, 2012/12/03 12:07:32
50.71350083,6.455457928, 2012/12/03 12:07:42
50.71354265,6.455549793, 2012/12/03 12:07:50
50.71359454,6.455684491, 2012/12/03 12:07:59
50.71364651,6.455881717, 2012/12/03 12:08:10
50.71367945,6.455999566, 2012/12/03 12:08:19
50.71371993,6.456140382, 2012/12/03 12:08:30
50.71374466,6.456197798, 2012/12/03 12:08:35
50.71377517,6.456299471, 2012/12/03 12:08:43
50.71381305,6.456426792, 2012/12/03 12:08:53
50.71384088,6.456557885, 2012/12/03 12:09:03
50.71386477,6.456632651, 2012/12/03 12:09:08
50.71388782,6.456765924, 2012/12/03 12:09:18
50.71389821,6.4568453, 2012/12/03 12:09:23
50.71393535,6.456991984, 2012/12/03 12:09:32
50.71397281,6.457168674, 2012/12/03 12:09:44
50.71399821,6.457333965, 2012/12/03 12:09:55
50.71401581,6.457443098, 2012/12/03 12:10:05
50.7140397,6.457549715, 2012/12/03 12:10:14
50.71402897,6.457708469, 2012/12/03 12:10:25
50.71402143,6.457851715, 2012/12/03 12:10:34
50.71402537,6.458010972, 2012/12/03 12:10:43
50.7140278,6.458090683, 2012/12/03 12:10:47
50.71402185,6.458315402, 2012/12/03 12:10:57
50.71401472,6.458455967, 2012/12/03 12:11:05
50.71400844,6.458584294, 2012/12/03 12:11:13
50.71400341,6.458741035, 2012/12/03 12:11:23
50.7140459,6.458926192, 2012/12/03 12:11:32
50.71405889,6.458966006, 2012/12/03 12:11:35
50.71411053,6.459078575, 2012/12/03 12:11:44
50.71414531,6.459072707, 2012/12/03 12:11:52
50.71411807,6.459095003, 2012/12/03 12:12:07
50.7141262,6.459098356, 2012/12/03 12:12:21
50.71415671,6.459183516, 2012/12/03 12:12:25
50.71422276,6.459328523, 2012/12/03 12:12:34
50.71430138,6.459480571, 2012/12/03 12:12:45
50.71435863,6.459595989, 2012/12/03 12:12:55
50.7143474,6.459519882, 2012/12/03 12:13:03
50.71432695,6.459328942, 2012/12/03 12:13:15
50.71432485,6.459138338, 2012/12/03 12:13:26
50.71429593,6.459088968, 2012/12/03 12:13:35
50.71427708,6.459119143, 2012/12/03 12:13:38
50.71417591,6.459177397, 2012/12/03 12:13:48
50.71414447,6.459111348, 2012/12/03 12:13:54
50.71419862,6.458955696, 2012/12/03 12:14:04
50.71427741,6.458804486, 2012/12/03 12:14:16
50.7143044,6.45868605, 2012/12/03 12:14:24
50.71440155,6.458592759, 2012/12/03 12:14:35
50.7144313,6.458558645, 2012/12/03 12:14:43
50.71445611,6.458502319, 2012/12/03 12:14:51
50.71453457,6.458403664, 2012/12/03 12:15:02
50.71459358,6.458369633, 2012/12/03 12:15:13
50.71458402,6.458407016, 2012/12/03 12:21:12
50.71458846,6.458403077, 2012/12/03 12:21:16
50.71455829,6.458450183, 2012/12/03 12:21:27
50.71455183,6.45846921, 2012/12/03 12:21:36
50.71459793,6.458478263, 2012/12/03 12:21:44
50.71464336,6.458475497, 2012/12/03 12:21:54
50.71462073,6.458446747, 2012/12/03 12:22:02
50.71463456,6.458404921, 2012/12/03 12:22:11
50.71467714,6.458411543, 2012/12/03 12:22:19
50.71471905,6.458441047, 2012/12/03 12:22:29
50.71474621,6.458438197, 2012/12/03 12:22:40
50.71479809,6.458408944, 2012/12/03 12:22:48
50.71489004,6.458431156, 2012/12/03 12:22:57
50.71496523,6.458456386, 2012/12/03 12:23:04
50.71500387,6.458451608, 2012/12/03 12:23:10
50.71507378,6.458442388, 2012/12/03 12:23:17
50.71511803,6.45840534, 2012/12/03 12:23:22
50.71521929,6.458358401, 2012/12/03 12:23:30
50.71530051,6.458348176, 2012/12/03 12:23:38
50.71539237,6.458372148, 2012/12/03 12:23:47
50.71546404,6.458434677, 2012/12/03 12:23:55
50.71553168,6.458420763, 2012/12/03 12:24:00
50.71558876,6.458407352, 2012/12/03 12:24:07
50.715616,6.458385978, 2012/12/03 12:24:18
50.71569823,6.458289586, 2012/12/03 12:24:27
50.71571541,6.458278438, 2012/12/03 12:24:31
50.71575732,6.458225297, 2012/12/03 12:24:36
50.71582161,6.458118344, 2012/12/03 12:24:44
50.71588456,6.458048942, 2012/12/03 12:24:51
50.71596896,6.458008038, 2012/12/03 12:24:59
50.7160506,6.458017761, 2012/12/03 12:25:07
50.71608539,6.458000662, 2012/12/03 12:25:10
50.71613803,6.457962692, 2012/12/03 12:25:16
50.7161977,6.457952466, 2012/12/03 12:25:25
50.71623031,6.457950706, 2012/12/03 12:25:36
50.71632938,6.45794861, 2012/12/03 12:25:46
50.71641949,6.458057323, 2012/12/03 12:25:55
50.71644195,6.458082721, 2012/12/03 12:25:57
50.71652887,6.458133431, 2012/12/03 12:26:06
50.71660347,6.458221022, 2012/12/03 12:26:15
50.71667254,6.458329819, 2012/12/03 12:26:24
50.71673842,6.458416991, 2012/12/03 12:26:32
50.7167955,6.45849972, 2012/12/03 12:26:40
50.71686214,6.458608937, 2012/12/03 12:26:48
50.71693984,6.45873894, 2012/12/03 12:26:58
50.71699633,6.4587666, 2012/12/03 12:27:06
50.71702919,6.458849246, 2012/12/03 12:27:14
50.71707001,6.458947817, 2012/12/03 12:27:21
50.71714561,6.459032055, 2012/12/03 12:27:31
50.71725726,6.459079161, 2012/12/03 12:27:41
50.71733907,6.45912677, 2012/12/03 12:27:50
50.71738659,6.459190808, 2012/12/03 12:27:59
50.71742792,6.459274627, 2012/12/03 12:28:10
50.71747452,6.459343946, 2012/12/03 12:28:20
50.71749304,6.459400943, 2012/12/03 12:28:27
50.7175254,6.459543267, 2012/12/03 12:28:36
50.71755038,6.459616777, 2012/12/03 12:28:43
50.71761969,6.459727418, 2012/12/03 12:28:52
50.71770192,6.459817775, 2012/12/03 12:29:00
50.71772975,6.459858846, 2012/12/03 12:29:04
50.717802,6.459960518, 2012/12/03 12:29:14
50.71782463,6.460075099, 2012/12/03 12:29:21
50.71784626,6.460176269, 2012/12/03 12:29:29
50.71785573,6.460194122, 2012/12/03 12:29:45
50.71786663,6.460166546, 2012/12/03 12:29:51
50.71786612,6.460150871, 2012/12/03 12:29:52
50.71785489,6.460037129, 2012/12/03 12:30:00
50.7178595,6.460019862, 2012/12/03 12:30:01
50.71792002,6.460009301, 2012/12/03 12:30:08
50.7179289,6.460012235, 2012/12/03 12:30:09
50.71802823,6.46005448, 2012/12/03 12:30:18
50.71804508,6.460082643, 2012/12/03 12:30:25
50.71805899,6.460066214, 2012/12/03 12:30:31
50.71809059,6.460023718, 2012/12/03 12:30:36
50.71814893,6.459901929, 2012/12/03 12:30:46
50.71814004,6.459879884, 2012/12/03 12:31:00
50.71815069,6.459907964, 2012/12/03 12:31:13
50.71814574,6.459900923, 2012/12/03 12:31:19
50.7181506,6.459876113, 2012/12/03 12:31:29
50.71814356,6.459854739, 2012/12/03 12:31:42
50.71813921,6.459826827, 2012/12/03 12:31:56
50.71816024,6.459834203, 2012/12/03 12:32:11
50.71815697,6.459855828, 2012/12/03 12:32:25
50.71815723,6.459872844, 2012/12/03 12:32:39
50.71816435,6.459885752, 2012/12/03 12:32:49
50.71821925,6.4599544, 2012/12/03 12:32:56
50.71825496,6.459992956, 2012/12/03 12:33:03
50.71828974,6.460031765, 2012/12/03 12:33:09
50.71830676,6.460041823, 2012/12/03 12:33:11
50.7183143,6.460038554, 2012/12/03 12:33:14
50.71831673,6.460032519, 2012/12/03 12:33:16
50.71831539,6.460013911, 2012/12/03 12:33:26
50.71831623,6.459984407, 2012/12/03 12:33:43
50.71831154,6.459968481, 2012/12/03 12:33:51
50.71830357,6.459959093, 2012/12/03 12:34:00
50.71830215,6.459936127, 2012/12/03 12:34:16
50.71830735,6.459976025, 2012/12/03 12:34:26
50.71830953,6.460035117, 2012/12/03 12:34:39
50.71830483,6.460083481, 2012/12/03 12:34:47
50.71833174,6.460214574, 2012/12/03 12:34:58
50.71837021,6.460284982, 2012/12/03 12:35:05
50.71842687,6.460361844, 2012/12/03 12:35:12
50.71852167,6.460392857, 2012/12/03 12:35:20
50.71854129,6.460428564, 2012/12/03 12:35:24
50.71851966,6.460479023, 2012/12/03 12:35:32
50.71853274,6.460519424, 2012/12/03 12:35:40
50.71852804,6.460529398, 2012/12/03 12:35:47
50.71852704,6.460518753, 2012/12/03 12:35:48
50.71852637,6.460510371, 2012/12/03 12:35:49
50.71852888,6.460507018, 2012/12/03 12:35:50
50.71853844,6.460443819, 2012/12/03 12:35:55
50.71851949,6.460423786, 2012/12/03 12:36:06
50.71851999,6.460418673, 2012/12/03 12:36:24
50.71851807,6.460431246, 2012/12/03 12:36:36
50.71850365,6.460398808, 2012/12/03 12:36:42
50.71846434,6.460356815, 2012/12/03 12:36:48
50.71838295,6.460303254, 2012/12/03 12:36:57
50.71835227,6.460221196, 2012/12/03 12:37:05
50.71836024,6.460204097, 2012/12/03 12:37:08
50.71839779,6.460169815, 2012/12/03 12:37:16
50.71844724,6.460090522, 2012/12/03 12:37:21
50.71845378,6.460068729, 2012/12/03 12:37:22
50.71847809,6.460011145, 2012/12/03 12:37:26
50.71847976,6.459998991, 2012/12/03 12:37:33
50.71848144,6.459977785, 2012/12/03 12:37:48
50.71848689,6.459953729, 2012/12/03 12:37:59
50.71849049,6.459942413, 2012/12/03 12:38:00
50.71850751,6.459924644, 2012/12/03 12:38:02
50.71856266,6.459839819, 2012/12/03 12:38:10
50.71853844,6.459906036, 2012/12/03 12:38:23
50.71850021,6.459960351, 2012/12/03 12:38:31
50.71848395,6.459975522, 2012/12/03 12:38:38
50.71848026,6.459938893, 2012/12/03 12:38:46
50.71846627,6.459916094, 2012/12/03 12:38:55
50.71845328,6.459885668, 2012/12/03 12:39:05
50.71844657,6.459882148, 2012/12/03 12:39:14
50.71844607,6.459895475, 2012/12/03 12:39:22
50.71845671,6.459945766, 2012/12/03 12:39:37
50.71849083,6.460000752, 2012/12/03 12:39:44
50.71843391,6.460124468, 2012/12/03 12:39:52
50.71842117,6.460165037, 2012/12/03 12:39:57
50.71841438,6.460182387, 2012/12/03 12:40:02
50.71842352,6.460162187, 2012/12/03 12:40:04
50.7184516,6.460087085, 2012/12/03 12:40:08
50.71848705,6.460004859, 2012/12/03 12:40:17
50.71851413,6.459950041, 2012/12/03 12:40:28
50.71854581,6.459915256, 2012/12/03 12:40:33
50.71859434,6.459835209, 2012/12/03 12:40:42
50.71861404,6.459795227, 2012/12/03 12:40:50
50.7185951,6.459815176, 2012/12/03 12:40:54
50.71852075,6.459972169, 2012/12/03 12:41:03
50.71846032,6.459937971, 2012/12/03 12:41:10
50.71840759,6.459870916, 2012/12/03 12:41:17
50.71838689,6.459856331, 2012/12/03 12:41:20
50.71836124,6.459821379, 2012/12/03 12:41:23
50.71832897,6.459772596, 2012/12/03 12:41:28
50.71828329,6.459688274, 2012/12/03 12:41:35
50.71824658,6.45957185, 2012/12/03 12:41:44
50.71822965,6.459497418, 2012/12/03 12:41:50
50.71822587,6.4594742, 2012/12/03 12:41:52
50.71818489,6.459366828, 2012/12/03 12:42:00
50.71814901,6.459279405, 2012/12/03 12:42:05
50.71813979,6.459239842, 2012/12/03 12:42:07
50.71813669,6.459222576, 2012/12/03 12:42:08
50.7181242,6.459198184, 2012/12/03 12:42:10
50.71812445,6.45918536, 2012/12/03 12:42:19
50.71815069,6.459176978, 2012/12/03 12:42:30
50.7181273,6.4592038, 2012/12/03 12:42:39
50.71810836,6.459197598, 2012/12/03 12:42:49
50.71808858,6.459123166, 2012/12/03 12:42:57
50.71806025,6.458988804, 2012/12/03 12:43:07
50.71804851,6.458908673, 2012/12/03 12:43:13
50.71801289,6.458814964, 2012/12/03 12:43:21
50.71801255,6.458762912, 2012/12/03 12:43:30
50.71800392,6.458724272, 2012/12/03 12:43:36
50.71800769,6.458711196, 2012/12/03 12:43:44
50.71796629,6.458634082, 2012/12/03 12:43:53
50.71795028,6.458591754, 2012/12/03 12:43:56
50.71792295,6.45855085, 2012/12/03 12:44:04
50.71789387,6.458457978, 2012/12/03 12:44:13
50.71785246,6.458395114, 2012/12/03 12:44:20
50.71781868,6.458315905, 2012/12/03 12:44:27
50.71778021,6.458277265, 2012/12/03 12:44:34
50.71777677,6.458257902, 2012/12/03 12:44:42
50.71777979,6.458181879, 2012/12/03 12:44:49
50.71778281,6.45813846, 2012/12/03 12:44:58
50.71778859,6.458154218, 2012/12/03 12:45:12
50.71778616,6.458068304, 2012/12/03 12:45:22
50.71778515,6.458030166, 2012/12/03 12:45:30
50.71776738,6.457929919, 2012/12/03 12:45:38
50.71779496,6.457955986, 2012/12/03 12:45:46
50.71773897,6.457920531, 2012/12/03 12:45:59
50.7177046,6.457787091, 2012/12/03 12:46:08
50.71771726,6.457752138, 2012/12/03 12:46:16
50.71769857,6.45775306, 2012/12/03 12:46:26
50.71765808,6.457698327, 2012/12/03 12:46:34
50.71765582,6.457583662, 2012/12/03 12:46:43
50.7176559,6.45757528, 2012/12/03 12:46:44
50.71764819,6.457542758, 2012/12/03 12:46:48
50.71759463,6.457406385, 2012/12/03 12:46:57
50.71756513,6.457272777, 2012/12/03 12:47:06
50.71753487,6.457141181, 2012/12/03 12:47:15
50.71753873,6.45709902, 2012/12/03 12:47:17
50.71752288,6.457073959, 2012/12/03 12:47:20
50.7174684,6.45702241, 2012/12/03 12:47:26
50.71737084,6.456937082, 2012/12/03 12:47:36
50.71731602,6.456856951, 2012/12/03 12:47:43
50.71731023,6.456806324, 2012/12/03 12:47:50
50.71730688,6.45679283, 2012/12/03 12:48:00
50.7172892,6.456778161, 2012/12/03 12:48:07
50.71722331,6.456663916, 2012/12/03 12:48:16
50.71717319,6.456543049, 2012/12/03 12:48:24
50.71716825,6.456531566, 2012/12/03 12:48:25
50.71715618,6.456471384, 2012/12/03 12:48:31
50.71713614,6.456441879, 2012/12/03 12:48:41
50.71709499,6.456354707, 2012/12/03 12:48:48
50.71702366,6.456192769, 2012/12/03 12:48:58
50.71698443,6.456141388, 2012/12/03 12:49:05
50.71692391,6.45601281, 2012/12/03 12:49:13
50.71683523,6.455838298, 2012/12/03 12:49:21
50.71681503,6.455806615, 2012/12/03 12:49:23
50.71677941,6.455824804, 2012/12/03 12:49:29
50.71671437,6.455798065, 2012/12/03 12:49:36
50.7166168,6.455695303, 2012/12/03 12:49:44
50.7165707,6.455635373, 2012/12/03 12:49:50
50.7165251,6.455591368, 2012/12/03 12:49:57
50.7165194,6.455575358, 2012/12/03 12:49:58
50.71650012,6.455545435, 2012/12/03 12:50:00
50.71646458,6.455441918, 2012/12/03 12:50:07
50.71642536,6.455307892, 2012/12/03 12:50:14
50.7164158,6.455285512, 2012/12/03 12:50:15
50.71640558,6.455262378, 2012/12/03 12:50:16
50.71639929,6.45514017, 2012/12/03 12:50:24
50.71635914,6.454980075, 2012/12/03 12:50:34
50.71632888,6.454880498, 2012/12/03 12:50:41
50.71632645,6.454710932, 2012/12/03 12:50:49
50.71627314,6.45467422, 2012/12/03 12:50:56
50.71625671,6.45453441, 2012/12/03 12:51:03
50.71621413,6.454394516, 2012/12/03 12:51:11
50.71618396,6.454320587, 2012/12/03 12:51:18
50.71617784,6.454283372, 2012/12/03 12:51:20
50.71617792,6.454256801, 2012/12/03 12:51:21
50.71614641,6.454143394, 2012/12/03 12:51:29
50.71612788,6.454107687, 2012/12/03 12:51:32
50.71612445,6.454090588, 2012/12/03 12:51:33
50.71612009,6.454069214, 2012/12/03 12:51:34
50.71609897,6.453853212, 2012/12/03 12:51:44
50.71606745,6.453793282, 2012/12/03 12:51:51
50.71606234,6.453772243, 2012/12/03 12:51:52
50.7160594,6.453750366, 2012/12/03 12:51:53
50.71605957,6.453725304, 2012/12/03 12:51:54
50.71605915,6.453697896, 2012/12/03 12:51:55
50.71602487,6.453574095, 2012/12/03 12:52:01
50.71601246,6.453533862, 2012/12/03 12:52:04
50.71598841,6.453501591, 2012/12/03 12:52:09
50.71596997,6.453463286, 2012/12/03 12:52:13
50.71596687,6.453440906, 2012/12/03 12:52:14
50.71596653,6.453368906, 2012/12/03 12:52:17
50.71596494,6.453314004, 2012/12/03 12:52:21
50.71596335,6.453294056, 2012/12/03 12:52:22
50.71596444,6.453273604, 2012/12/03 12:52:23
50.71596469,6.45325047, 2012/12/03 12:52:24
50.71591683,6.453118538, 2012/12/03 12:52:31
50.71588481,6.453011753, 2012/12/03 12:52:38
50.71586737,6.452935142, 2012/12/03 12:52:44
50.71587743,6.45289625, 2012/12/03 12:52:46
50.71588573,6.452695085, 2012/12/03 12:52:55
50.71584097,6.452579163, 2012/12/03 12:53:04
50.71583443,6.452559298, 2012/12/03 12:53:05
50.71581356,6.45248713, 2012/12/03 12:53:08
50.71580987,6.452445053, 2012/12/03 12:53:10
50.71580979,6.45242569, 2012/12/03 12:53:11
50.71580635,6.452402808, 2012/12/03 12:53:12
50.71579722,6.452254448, 2012/12/03 12:53:21
50.71584038,6.452244809, 2012/12/03 12:53:28
50.71583477,6.45225822, 2012/12/03 12:53:33
50.7158434,6.452302476, 2012/12/03 12:53:39
50.71585916,6.452341201, 2012/12/03 12:53:45
50.71589629,6.452375399, 2012/12/03 12:53:52
50.71589914,6.452393504, 2012/12/03 12:53:53
50.71590736,6.452412531, 2012/12/03 12:53:54
50.71591222,6.452431725, 2012/12/03 12:53:55
50.71592219,6.452478161, 2012/12/03 12:54:01
50.71594005,6.452573296, 2012/12/03 12:54:09
50.71595035,6.452595256, 2012/12/03 12:54:10
50.71596368,6.452616714, 2012/12/03 12:54:11
50.7159807,6.452634064, 2012/12/03 12:54:12
50.71599738,6.452655774, 2012/12/03 12:54:13
50.71601205,6.45267698, 2012/12/03 12:54:14
50.71602839,6.452692989, 2012/12/03 12:54:15
50.71603845,6.452706233, 2012/12/03 12:54:16
50.71605127,6.452722242, 2012/12/03 12:54:17
50.71611472,6.452796003, 2012/12/03 12:54:24
50.71619921,6.452857358, 2012/12/03 12:54:31
50.71623291,6.452869847, 2012/12/03 12:54:39
50.71632419,6.452942016, 2012/12/03 12:54:47
50.71638303,6.453001527, 2012/12/03 12:54:54
50.7164583,6.453166567, 2012/12/03 12:55:04
50.71654765,6.453267485, 2012/12/03 12:55:13
50.71663876,6.453386843, 2012/12/03 12:55:22
50.71666206,6.453415174, 2012/12/03 12:55:24
50.71670531,6.45349849, 2012/12/03 12:55:31
50.71677882,6.453563534, 2012/12/03 12:55:39
50.71685158,6.453645676, 2012/12/03 12:55:46
50.71690673,6.453743158, 2012/12/03 12:55:55
50.71691704,6.45378842, 2012/12/03 12:56:04
50.71691981,6.453786995, 2012/12/03 12:56:16
50.71693431,6.453765957, 2012/12/03 12:56:32
50.7169468,6.453760592, 2012/12/03 12:56:33
50.71700497,6.453825803, 2012/12/03 12:56:39
50.71705677,6.453815242, 2012/12/03 12:56:49
50.71711292,6.453952203, 2012/12/03 12:56:57
50.71712583,6.453978606, 2012/12/03 12:56:59
50.7171778,6.454050271, 2012/12/03 12:57:07
50.71721317,6.454092432, 2012/12/03 12:57:13
50.71723052,6.454103747, 2012/12/03 12:57:22
50.71721921,6.454095282, 2012/12/03 12:57:30
50.71715207,6.454006769, 2012/12/03 12:57:40
50.71708585,6.453961842, 2012/12/03 12:57:48
50.71708024,6.453949185, 2012/12/03 12:57:49
50.71705501,6.453896379, 2012/12/03 12:57:53
50.7170488,6.453883387, 2012/12/03 12:57:54
50.7170001,6.453800322, 2012/12/03 12:58:02
50.71698854,6.453751707, 2012/12/03 12:58:06
50.71698518,6.453645173, 2012/12/03 12:58:14
50.71697496,6.453571748, 2012/12/03 12:58:18
50.71693506,6.453457251, 2012/12/03 12:58:25
50.71692249,6.45342892, 2012/12/03 12:58:33
50.71689391,6.453381311, 2012/12/03 12:58:40
50.71689751,6.45332926, 2012/12/03 12:58:47
50.71688175,6.453278465, 2012/12/03 12:58:51
50.71685476,6.45321032, 2012/12/03 12:58:54
50.71678955,6.45302156, 2012/12/03 12:59:01
50.71678754,6.452999515, 2012/12/03 12:59:02
50.71678595,6.452978645, 2012/12/03 12:59:03
50.71679207,6.452934388, 2012/12/03 12:59:09
50.71676793,6.452876972, 2012/12/03 12:59:15
50.71673532,6.452770606, 2012/12/03 12:59:23
50.71669215,6.452633059, 2012/12/03 12:59:29
50.71662275,6.452488219, 2012/12/03 12:59:36
50.71661512,6.45238529, 2012/12/03 12:59:43
50.71665494,6.452296693, 2012/12/03 12:59:49
50.71674597,6.452341704, 2012/12/03 12:59:56
50.71679156,6.452419404, 2012/12/03 13:00:03
50.71682576,6.45247397, 2012/12/03 13:00:06
50.71685736,6.452502552, 2012/12/03 13:00:08
50.71687672,6.452518478, 2012/12/03 13:00:09
50.71689609,6.452536918, 2012/12/03 13:00:10
50.71695736,6.452604476, 2012/12/03 13:00:16
50.71701854,6.452652421, 2012/12/03 13:00:25
50.71705333,6.45256131, 2012/12/03 13:00:32
50.71705006,6.452530213, 2012/12/03 13:00:38
50.71707034,6.452494003, 2012/12/03 13:00:45
50.71706456,6.452494506, 2012/12/03 13:00:52
50.71703933,6.452474138, 2012/12/03 13:00:54
50.71697798,6.452382021, 2012/12/03 13:01:02
50.71695442,6.452330137, 2012/12/03 13:01:08
50.71691654,6.452279259, 2012/12/03 13:01:20
50.71687915,6.452208348, 2012/12/03 13:01:27
50.71687538,6.452192422, 2012/12/03 13:01:28
50.71680137,6.452046912, 2012/12/03 13:01:38
50.71673607,6.45192638, 2012/12/03 13:01:48
50.71664035,6.451743655, 2012/12/03 13:01:59
50.71659199,6.451626476, 2012/12/03 13:02:07
50.71654337,6.45154383, 2012/12/03 13:02:14
50.71647632,6.451397063, 2012/12/03 13:02:22
50.71643131,6.451270832, 2012/12/03 13:02:30
50.71638286,6.451169075, 2012/12/03 13:02:38
50.7163604,6.451128004, 2012/12/03 13:02:41
50.71634824,6.451093554, 2012/12/03 13:02:43
50.71634405,6.4510726, 2012/12/03 13:02:44
50.7162925,6.450944189, 2012/12/03 13:02:53
50.716278,6.450913846, 2012/12/03 13:02:55
50.71623081,6.450798176, 2012/12/03 13:03:03
50.71619108,6.450730702, 2012/12/03 13:03:09
50.71614012,6.450619223, 2012/12/03 13:03:17
50.71608002,6.45044622, 2012/12/03 13:03:27
50.71602261,6.450335076, 2012/12/03 13:03:35
50.71594197,6.450175149, 2012/12/03 13:03:46
50.71587618,6.450081524, 2012/12/03 13:03:54
50.71583175,6.450011702, 2012/12/03 13:04:00
50.71582681,6.449994519, 2012/12/03 13:04:01
50.71573134,6.449864684, 2012/12/03 13:04:12
50.71567694,6.449751863, 2012/12/03 13:04:21
50.71560485,6.449649101, 2012/12/03 13:04:30
50.71554417,6.449548854, 2012/12/03 13:04:38
50.71546705,6.449444918, 2012/12/03 13:04:47
50.71539639,6.449358165, 2012/12/03 13:04:55
50.71538055,6.449336037, 2012/12/03 13:04:57
50.71535046,6.449298486, 2012/12/03 13:05:01
50.71529154,6.44919279, 2012/12/03 13:05:09
50.71527502,6.449169237, 2012/12/03 13:05:11
50.71521736,6.449125819, 2012/12/03 13:05:17
50.71516715,6.449058764, 2012/12/03 13:05:25
50.71516078,6.449039066, 2012/12/03 13:05:26
50.71514938,6.449004197, 2012/12/03 13:05:28
50.71507805,6.448869081, 2012/12/03 13:05:38
50.71503379,6.448795991, 2012/12/03 13:05:44
50.71501795,6.448780736, 2012/12/03 13:05:46
50.71496858,6.448681746, 2012/12/03 13:05:54
50.71496841,6.448672023, 2012/12/03 13:05:55
50.7149664,6.448681243, 2012/12/03 13:06:00
50.71494008,6.448628101, 2012/12/03 13:06:06
50.71485702,6.448508995, 2012/12/03 13:06:15
50.71480153,6.448409753, 2012/12/03 13:06:23
50.71475811,6.4483546, 2012/12/03 13:06:28
50.71474671,6.448347475, 2012/12/03 13:06:29
50.71473573,6.448340351, 2012/12/03 13:06:30
50.7146924,6.448240858, 2012/12/03 13:06:39
50.7147333,6.448207246, 2012/12/03 13:06:48
50.71470757,6.448198445, 2012/12/03 13:06:56
50.71467957,6.448168941, 2012/12/03 13:06:59
50.71467178,6.448154524, 2012/12/03 13:07:00
50.71465367,6.448129546, 2012/12/03 13:07:02
50.71464588,6.448117392, 2012/12/03 13:07:03
50.71454789,6.448003314, 2012/12/03 13:07:13
50.71452996,6.447829222, 2012/12/03 13:07:22
50.71453004,6.447806088, 2012/12/03 13:07:23
50.71452627,6.447777338, 2012/12/03 13:07:25
50.71452828,6.447750097, 2012/12/03 13:07:26
50.71453197,6.447721431, 2012/12/03 13:07:27
50.71453272,6.447694525, 2012/12/03 13:07:28
50.71453105,6.447670888, 2012/12/03 13:07:29
50.71452518,6.447651442, 2012/12/03 13:07:30
50.71450314,6.447671559, 2012/12/03 13:07:36
50.71450389,6.447671391, 2012/12/03 13:07:39
50.71452199,6.447662842, 2012/12/03 13:07:41
50.71453339,6.447670637, 2012/12/03 13:07:42
50.71454555,6.447690921, 2012/12/03 13:07:43
50.71455963,6.447693855, 2012/12/03 13:07:44
50.71457128,6.447682874, 2012/12/03 13:07:45
50.7145836,6.447661836, 2012/12/03 13:07:46
50.71459358,6.44764415, 2012/12/03 13:07:47
50.71460531,6.447630906, 2012/12/03 13:07:48
50.71461931,6.447622357, 2012/12/03 13:07:49
50.71469332,6.447558906, 2012/12/03 13:07:57
50.71473716,6.447533425, 2012/12/03 13:08:03
50.71474789,6.447521104, 2012/12/03 13:08:04
50.71475694,6.447513644, 2012/12/03 13:08:05
50.71476641,6.447509704, 2012/12/03 13:08:06
50.71477949,6.447517835, 2012/12/03 13:08:09
50.71480438,6.447499311, 2012/12/03 13:08:14
50.71488401,6.447410462, 2012/12/03 13:08:23
50.71490672,6.447388418, 2012/12/03 13:08:25
50.7149203,6.447378276, 2012/12/03 13:08:26
50.71501167,6.447306946, 2012/12/03 13:08:35
50.7150809,6.447239891, 2012/12/03 13:08:42
50.71513907,6.447200999, 2012/12/03 13:08:48
50.71521962,6.447122712, 2012/12/03 13:08:57
50.71526807,6.447069151, 2012/12/03 13:09:05
50.71527083,6.447061608, 2012/12/03 13:09:08
50.71529095,6.447041994, 2012/12/03 13:09:16
50.71531115,6.447026739, 2012/12/03 13:09:20
50.71531417,6.447023805, 2012/12/03 13:09:22
50.71531945,6.447023051, 2012/12/03 13:09:27
50.71533185,6.447016513, 2012/12/03 13:09:28
50.71542422,6.44691878, 2012/12/03 13:09:36
50.71543328,6.446905453, 2012/12/03 13:09:37
50.71544434,6.44689355, 2012/12/03 13:09:38
50.715429,6.446889779, 2012/12/03 13:09:41
50.71542816,6.446907884, 2012/12/03 13:09:48
50.71547854,6.446904363, 2012/12/03 13:09:53
50.71548893,6.446893802, 2012/12/03 13:09:54
50.71550008,6.446885252, 2012/12/03 13:09:55
50.71562304,6.446799841, 2012/12/03 13:10:05
50.71568917,6.446776539, 2012/12/03 13:10:13
50.71568767,6.446756087, 2012/12/03 13:10:20
50.71569638,6.446741419, 2012/12/03 13:10:21
50.71570787,6.446729098, 2012/12/03 13:10:22
50.71573377,6.446704036, 2012/12/03 13:10:25
50.71576964,6.446654247, 2012/12/03 13:10:29
50.71581239,6.446639076, 2012/12/03 13:10:33
50.71585522,6.446622396, 2012/12/03 13:10:41
50.71585472,6.44663455, 2012/12/03 13:10:48
50.71586695,6.44661217, 2012/12/03 13:10:49
50.71588112,6.446591718, 2012/12/03 13:10:50
50.71589218,6.446571769, 2012/12/03 13:10:51
50.715903,6.446553916, 2012/12/03 13:10:52
50.71591356,6.446539499, 2012/12/03 13:10:53
50.71592689,6.446527764, 2012/12/03 13:10:54
50.71603593,6.446430031, 2012/12/03 13:11:04
50.71604147,6.446417291, 2012/12/03 13:11:05
50.71604935,6.446402706, 2012/12/03 13:11:06
50.71614448,6.446309164, 2012/12/03 13:11:15
50.71619988,6.446246719, 2012/12/03 13:11:23
50.71627155,6.446127109, 2012/12/03 13:11:33
50.71632385,6.446030801, 2012/12/03 13:11:41
50.71638093,6.446062317, 2012/12/03 13:11:48
50.7163951,6.446070364, 2012/12/03 13:11:57
50.71639686,6.446058042, 2012/12/03 13:12:14
50.71642376,6.44605997, 2012/12/03 13:12:22
50.71642645,6.446060976, 2012/12/03 13:12:24
50.71642066,6.446064916, 2012/12/03 13:12:35
50.7163728,6.446023006, 2012/12/03 13:12:43
50.7163293,6.446049158, 2012/12/03 13:12:50
50.71631882,6.44605712, 2012/12/03 13:12:51
50.71630768,6.446066005, 2012/12/03 13:12:52
50.71629074,6.446071118, 2012/12/03 13:12:53
50.71627507,6.446072292, 2012/12/03 13:12:54
50.71626442,6.44607489, 2012/12/03 13:12:55
50.71625294,6.446080757, 2012/12/03 13:12:56
50.71621455,6.4460593, 2012/12/03 13:13:00
50.71621841,6.44605536, 2012/12/03 13:13:08
50.71621045,6.446059886, 2012/12/03 13:13:12
50.71621464,6.446056953, 2012/12/03 13:13:13
50.71622604,6.446074974, 2012/12/03 13:13:21
50.71624523,6.446089726, 2012/12/03 13:13:23
50.71630348,6.446069442, 2012/12/03 13:13:28
50.71631958,6.446061227, 2012/12/03 13:13:29
50.71633777,6.446052678, 2012/12/03 13:13:31
50.7163718,6.446052343, 2012/12/03 13:13:38
50.71638269,6.446012612, 2012/12/03 13:13:49
50.71639812,6.445961399, 2012/12/03 13:14:06